protein_id,protein_name,cluster
252,CYP450,pazy_proteins_cluster_1
30,Tcur_1278,pazy_proteins_cluster_10
278,1465,pazy_proteins_cluster_10
282,1489,pazy_proteins_cluster_10
331,282,pazy_proteins_cluster_10
283,1521,pazy_proteins_cluster_10
290,1482,pazy_proteins_cluster_10
143,406,pazy_proteins_cluster_10
406,ESM006,pazy_proteins_cluster_10
146,412,pazy_proteins_cluster_10
412,ESM033,pazy_proteins_cluster_10
413,ESM035,pazy_proteins_cluster_10
404,DP090,pazy_proteins_cluster_100
261,APET-20,pazy_proteins_cluster_101
210,Est8_89,pazy_proteins_cluster_102
383,DP007,pazy_proteins_cluster_103
388,DP038,pazy_proteins_cluster_104
449,ESM169,pazy_proteins_cluster_104
136,211,pazy_proteins_cluster_105
440,ESM136,pazy_proteins_cluster_105
384,DP008,pazy_proteins_cluster_106
382,DP006,pazy_proteins_cluster_107
393,DP056,pazy_proteins_cluster_108
41,PET46,pazy_proteins_cluster_109
141,403,pazy_proteins_cluster_109
146,412,pazy_proteins_cluster_109
241,PpPETase,pazy_proteins_cluster_109
314,1641,pazy_proteins_cluster_109
316,414,pazy_proteins_cluster_109
341,PC8,pazy_proteins_cluster_109
410,ESM024,pazy_proteins_cluster_109
412,ESM033,pazy_proteins_cluster_109
414,ESM038,pazy_proteins_cluster_109
416,ESM045,pazy_proteins_cluster_109
418,ESM052,pazy_proteins_cluster_109
441,ESM139,pazy_proteins_cluster_109
457,TEP041,pazy_proteins_cluster_109
285,1468,pazy_proteins_cluster_11
298,1678,pazy_proteins_cluster_11
139,305,pazy_proteins_cluster_11
305,1573,pazy_proteins_cluster_11
306,1654,pazy_proteins_cluster_11
312,1457,pazy_proteins_cluster_11
472,TEP163,pazy_proteins_cluster_11
473,TEP164,pazy_proteins_cluster_11
444,ESM156,pazy_proteins_cluster_110
151,611,pazy_proteins_cluster_111
297,1519,pazy_proteins_cluster_111
456,TEP037,pazy_proteins_cluster_111
285,1468,pazy_proteins_cluster_111
468,TEP105,pazy_proteins_cluster_111
327,1392,pazy_proteins_cluster_112
392,DP054,pazy_proteins_cluster_112
223,HG-2,pazy_proteins_cluster_113
258,APET-15,pazy_proteins_cluster_114
399,DP080,pazy_proteins_cluster_115
326,401,pazy_proteins_cluster_116
401,DP082,pazy_proteins_cluster_116
10,PmC,pazy_proteins_cluster_117
132,101,pazy_proteins_cluster_117
186,IS10,pazy_proteins_cluster_117
210,Est8_89,pazy_proteins_cluster_117
310,1240,pazy_proteins_cluster_117
407,ESM010,pazy_proteins_cluster_117
410,ESM024,pazy_proteins_cluster_117
436,ESM101,pazy_proteins_cluster_117
453,TEP010,pazy_proteins_cluster_117
465,TEP101,pazy_proteins_cluster_117
467,TEP103,pazy_proteins_cluster_117
469,TEP109,pazy_proteins_cluster_117
174,PHL-4,pazy_proteins_cluster_118
175,PHL-5,pazy_proteins_cluster_118
176,PHL-6,pazy_proteins_cluster_118
386,DP017,pazy_proteins_cluster_119
317,1506,pazy_proteins_cluster_12
141,403,pazy_proteins_cluster_120
403,DP089,pazy_proteins_cluster_120
136,211,pazy_proteins_cluster_121
211,Est11_32,pazy_proteins_cluster_121
264,APET-25,pazy_proteins_cluster_122
225,HG-4,pazy_proteins_cluster_123
260,APET-19,pazy_proteins_cluster_124
137,214,pazy_proteins_cluster_125
214,Ces39_5,pazy_proteins_cluster_125
263,APET-24,pazy_proteins_cluster_126
267,APET-28,pazy_proteins_cluster_127
417,ESM050,pazy_proteins_cluster_128
320,1478,pazy_proteins_cluster_128
478,TEP189,pazy_proteins_cluster_128
135,204,pazy_proteins_cluster_129
324,1868,pazy_proteins_cluster_13
142,405,pazy_proteins_cluster_13
405,DP092,pazy_proteins_cluster_13
144,407,pazy_proteins_cluster_13
407,ESM010,pazy_proteins_cluster_13
410,ESM024,pazy_proteins_cluster_13
411,ESM026,pazy_proteins_cluster_13
316,414,pazy_proteins_cluster_13
414,ESM038,pazy_proteins_cluster_13
265,APET-26,pazy_proteins_cluster_130
213,Ces19_14,pazy_proteins_cluster_131
231,DmC,pazy_proteins_cluster_132
139,305,pazy_proteins_cluster_133
319,1395,pazy_proteins_cluster_133
327,1392,pazy_proteins_cluster_133
441,ESM139,pazy_proteins_cluster_133
44,HiC,pazy_proteins_cluster_134
144,407,pazy_proteins_cluster_134
244,PD3,pazy_proteins_cluster_134
440,ESM136,pazy_proteins_cluster_134
442,ESM140,pazy_proteins_cluster_134
444,ESM156,pazy_proteins_cluster_134
446,ESM159,pazy_proteins_cluster_134
448,ESM167,pazy_proteins_cluster_134
232,RtC,pazy_proteins_cluster_134
251,Trypsin,pazy_proteins_cluster_135
43,FsC,pazy_proteins_cluster_136
143,406,pazy_proteins_cluster_136
243,HGMP01,pazy_proteins_cluster_136
391,DP043,pazy_proteins_cluster_136
415,ESM043,pazy_proteins_cluster_136
430,ESM082,pazy_proteins_cluster_136
432,ESM090,pazy_proteins_cluster_136
434,ESM096,pazy_proteins_cluster_136
436,ESM101,pazy_proteins_cluster_136
438,ESM128,pazy_proteins_cluster_136
443,ESM144,pazy_proteins_cluster_136
182,FoCut5a,pazy_proteins_cluster_136
288,1821,pazy_proteins_cluster_136
230,TaC,pazy_proteins_cluster_137
14,EstB,pazy_proteins_cluster_138
137,214,pazy_proteins_cluster_138
140,307,pazy_proteins_cluster_138
142,405,pazy_proteins_cluster_138
144,407,pazy_proteins_cluster_138
146,412,pazy_proteins_cluster_138
148,CtPl,pazy_proteins_cluster_138
185,SM14est,pazy_proteins_cluster_138
213,Ces19_14,pazy_proteins_cluster_138
228,jmPE14,pazy_proteins_cluster_138
278,1465,pazy_proteins_cluster_138
282,1489,pazy_proteins_cluster_138
285,1468,pazy_proteins_cluster_138
287,1491,pazy_proteins_cluster_138
289,1477,pazy_proteins_cluster_138
299,1496,pazy_proteins_cluster_138
302,1463,pazy_proteins_cluster_138
312,1457,pazy_proteins_cluster_138
314,1641,pazy_proteins_cluster_138
316,414,pazy_proteins_cluster_138
318,1493,pazy_proteins_cluster_138
320,1478,pazy_proteins_cluster_138
329,1424,pazy_proteins_cluster_138
414,ESM038,pazy_proteins_cluster_138
442,ESM140,pazy_proteins_cluster_138
454,TEP014,pazy_proteins_cluster_138
471,TEP114,pazy_proteins_cluster_138
170,RCut,pazy_proteins_cluster_139
495,PET93,pazy_proteins_cluster_14
299,1496,pazy_proteins_cluster_14
496,PET94,pazy_proteins_cluster_14
235,LipMRD9,pazy_proteins_cluster_140
138,301,pazy_proteins_cluster_141
183,MRCUT1,pazy_proteins_cluster_142
4,PET12,pazy_proteins_cluster_143
12,PpEst,pazy_proteins_cluster_143
30,Tcur_1278,pazy_proteins_cluster_143
120,Cbotu_EstA,pazy_proteins_cluster_143
146,412,pazy_proteins_cluster_143
188,IS12,pazy_proteins_cluster_143
209,Lip4_120,pazy_proteins_cluster_143
212,Est18_23,pazy_proteins_cluster_143
310,1240,pazy_proteins_cluster_143
312,1457,pazy_proteins_cluster_143
333,1228,pazy_proteins_cluster_143
408,ESM012,pazy_proteins_cluster_143
412,ESM033,pazy_proteins_cluster_143
437,ESM121,pazy_proteins_cluster_143
494,E4,pazy_proteins_cluster_144
177,Sub1,pazy_proteins_cluster_145
451,ESM177,pazy_proteins_cluster_145
140,307,pazy_proteins_cluster_146
442,ESM140,pazy_proteins_cluster_146
195,BurPL,pazy_proteins_cluster_15
296,1537,pazy_proteins_cluster_16
299,1496,pazy_proteins_cluster_16
455,TEP024,pazy_proteins_cluster_16
464,TEP097,pazy_proteins_cluster_16
466,TEP102,pazy_proteins_cluster_16
400,DP081,pazy_proteins_cluster_17
288,1821,pazy_proteins_cluster_18
334,1876,pazy_proteins_cluster_18
418,ESM052,pazy_proteins_cluster_19
458,TEP054,pazy_proteins_cluster_19
461,TEP083,pazy_proteins_cluster_19
289,1477,pazy_proteins_cluster_19
477,TEP181,pazy_proteins_cluster_19
212,Est18_23,pazy_proteins_cluster_2
397,DP068,pazy_proteins_cluster_20
408,ESM012,pazy_proteins_cluster_20
209,Lip4_120,pazy_proteins_cluster_21
415,ESM043,pazy_proteins_cluster_22
427,ESM070,pazy_proteins_cluster_23
435,ESM097,pazy_proteins_cluster_23
145,409,pazy_proteins_cluster_24
409,ESM021,pazy_proteins_cluster_24
441,ESM139,pazy_proteins_cluster_24
440,ESM136,pazy_proteins_cluster_25
387,DP021,pazy_proteins_cluster_26
319,1395,pazy_proteins_cluster_27
395,DP059,pazy_proteins_cluster_27
422,ESM061,pazy_proteins_cluster_27
474,TEP165,pazy_proteins_cluster_27
391,DP043,pazy_proteins_cluster_28
421,ESM060,pazy_proteins_cluster_28
429,ESM081,pazy_proteins_cluster_28
438,ESM128,pazy_proteins_cluster_28
445,ESM157,pazy_proteins_cluster_28
446,ESM159,pazy_proteins_cluster_28
447,ESM160,pazy_proteins_cluster_28
134,202,pazy_proteins_cluster_29
335,1340,pazy_proteins_cluster_29
137,214,pazy_proteins_cluster_29
36,BsEstB,pazy_proteins_cluster_3
136,211,pazy_proteins_cluster_3
236,dsPETase01,pazy_proteins_cluster_3
336,191,pazy_proteins_cluster_3
436,ESM101,pazy_proteins_cluster_3
440,ESM136,pazy_proteins_cluster_3
431,ESM084,pazy_proteins_cluster_30
471,TEP114,pazy_proteins_cluster_30
330,1475,pazy_proteins_cluster_31
329,1424,pazy_proteins_cluster_32
424,ESM064,pazy_proteins_cluster_32
31,Tcur0390,pazy_proteins_cluster_33
39,PET30,pazy_proteins_cluster_33
139,305,pazy_proteins_cluster_33
214,Ces39_5,pazy_proteins_cluster_33
319,1395,pazy_proteins_cluster_33
327,1392,pazy_proteins_cluster_33
339,PC5,pazy_proteins_cluster_33
389,DP039,pazy_proteins_cluster_33
391,DP043,pazy_proteins_cluster_33
393,DP056,pazy_proteins_cluster_33
395,DP059,pazy_proteins_cluster_33
397,DP068,pazy_proteins_cluster_33
399,DP080,pazy_proteins_cluster_33
439,ESM130,pazy_proteins_cluster_33
441,ESM139,pazy_proteins_cluster_33
38,PET27,pazy_proteins_cluster_34
138,301,pazy_proteins_cluster_34
238,dsPETase06,pazy_proteins_cluster_34
277,1538,pazy_proteins_cluster_34
293,385,pazy_proteins_cluster_34
323,1638,pazy_proteins_cluster_34
338,PC4,pazy_proteins_cluster_34
381,DP003,pazy_proteins_cluster_34
383,DP007,pazy_proteins_cluster_34
385,DP016,pazy_proteins_cluster_34
387,DP021,pazy_proteins_cluster_34
389,DP039,pazy_proteins_cluster_34
414,ESM038,pazy_proteins_cluster_34
438,ESM128,pazy_proteins_cluster_34
244,PD3,pazy_proteins_cluster_35
484,TA21,pazy_proteins_cluster_36
289,1477,pazy_proteins_cluster_37
140,307,pazy_proteins_cluster_37
307,1555,pazy_proteins_cluster_37
320,1478,pazy_proteins_cluster_37
21,TfH42_Cut1,pazy_proteins_cluster_38
42,CalB,pazy_proteins_cluster_38
142,405,pazy_proteins_cluster_38
242,ScPETase,pazy_proteins_cluster_38
294,1642,pazy_proteins_cluster_38
329,1424,pazy_proteins_cluster_38
420,ESM059,pazy_proteins_cluster_38
422,ESM061,pazy_proteins_cluster_38
424,ESM064,pazy_proteins_cluster_38
426,ESM069,pazy_proteins_cluster_38
428,ESM080,pazy_proteins_cluster_38
442,ESM140,pazy_proteins_cluster_38
325,1718,pazy_proteins_cluster_39
271,1628,pazy_proteins_cluster_4
272,1611,pazy_proteins_cluster_4
273,1625,pazy_proteins_cluster_4
274,1603,pazy_proteins_cluster_4
277,1538,pazy_proteins_cluster_4
279,1621,pazy_proteins_cluster_4
280,1617,pazy_proteins_cluster_4
281,1534,pazy_proteins_cluster_4
284,1525,pazy_proteins_cluster_4
292,1546,pazy_proteins_cluster_4
294,1642,pazy_proteins_cluster_4
297,1519,pazy_proteins_cluster_4
138,301,pazy_proteins_cluster_4
301,1637,pazy_proteins_cluster_4
303,1545,pazy_proteins_cluster_4
308,1591,pazy_proteins_cluster_4
309,1620,pazy_proteins_cluster_4
315,1309,pazy_proteins_cluster_4
311,1594,pazy_proteins_cluster_4
314,1641,pazy_proteins_cluster_4
321,1571,pazy_proteins_cluster_4
332,1635,pazy_proteins_cluster_4
396,DP061,pazy_proteins_cluster_4
419,ESM058,pazy_proteins_cluster_4
420,ESM059,pazy_proteins_cluster_4
423,ESM062,pazy_proteins_cluster_4
425,ESM065,pazy_proteins_cluster_4
426,ESM069,pazy_proteins_cluster_4
428,ESM080,pazy_proteins_cluster_4
436,ESM101,pazy_proteins_cluster_4
437,ESM121,pazy_proteins_cluster_4
439,ESM130,pazy_proteins_cluster_4
252,CYP450,pazy_proteins_cluster_4
450,ESM173,pazy_proteins_cluster_4
453,TEP010,pazy_proteins_cluster_4
302,1463,pazy_proteins_cluster_4
463,TEP092,pazy_proteins_cluster_4
469,TEP109,pazy_proteins_cluster_4
470,TEP111,pazy_proteins_cluster_4
330,1475,pazy_proteins_cluster_4
475,TEP168,pazy_proteins_cluster_4
262,APET-23,pazy_proteins_cluster_40
485,TA26,pazy_proteins_cluster_41
11,Mors1,pazy_proteins_cluster_42
35,Est119,pazy_proteins_cluster_42
136,211,pazy_proteins_cluster_42
151,611,pazy_proteins_cluster_42
154,711,pazy_proteins_cluster_42
187,IS11,pazy_proteins_cluster_42
211,Est11_32,pazy_proteins_cluster_42
272,1611,pazy_proteins_cluster_42
300,1169,pazy_proteins_cluster_42
311,1594,pazy_proteins_cluster_42
411,ESM026,pazy_proteins_cluster_42
470,TEP111,pazy_proteins_cluster_42
18,Cut190,pazy_proteins_cluster_43
35,Est119,pazy_proteins_cluster_43
195,BurPL,pazy_proteins_cluster_43
213,Ces19_14,pazy_proteins_cluster_43
260,APET-19,pazy_proteins_cluster_43
297,1519,pazy_proteins_cluster_43
319,1395,pazy_proteins_cluster_43
336,191,pazy_proteins_cluster_43
419,ESM058,pazy_proteins_cluster_43
479,TEP194,pazy_proteins_cluster_43
20,BTA-2,pazy_proteins_cluster_43
120,Cbotu_EstA,pazy_proteins_cluster_43
134,202,pazy_proteins_cluster_43
201,PaCut,pazy_proteins_cluster_43
261,APET-20,pazy_proteins_cluster_43
309,1620,pazy_proteins_cluster_43
320,1478,pazy_proteins_cluster_43
420,ESM059,pazy_proteins_cluster_43
21,TfH42_Cut1,pazy_proteins_cluster_43
136,211,pazy_proteins_cluster_43
210,Est8_89,pazy_proteins_cluster_43
212,Est18_23,pazy_proteins_cluster_43
214,Ces39_5,pazy_proteins_cluster_43
279,1621,pazy_proteins_cluster_43
283,1521,pazy_proteins_cluster_43
288,1821,pazy_proteins_cluster_43
321,1571,pazy_proteins_cluster_43
387,DP021,pazy_proteins_cluster_43
409,ESM021,pazy_proteins_cluster_43
421,ESM060,pazy_proteins_cluster_43
437,ESM121,pazy_proteins_cluster_43
484,TA21,pazy_proteins_cluster_43
22,Tfu_0883,pazy_proteins_cluster_43
223,HG-2,pazy_proteins_cluster_43
225,HG-4,pazy_proteins_cluster_43
227,jmPE13,pazy_proteins_cluster_43
291,1522,pazy_proteins_cluster_43
322,169,pazy_proteins_cluster_43
333,1228,pazy_proteins_cluster_43
422,ESM061,pazy_proteins_cluster_43
23,Tfu_0882,pazy_proteins_cluster_43
212,Est18_23,pazy_proteins_cluster_43
223,HG-2,pazy_proteins_cluster_43
230,TaC,pazy_proteins_cluster_43
232,RtC,pazy_proteins_cluster_43
236,dsPETase01,pazy_proteins_cluster_43
238,dsPETase06,pazy_proteins_cluster_43
262,APET-23,pazy_proteins_cluster_43
323,1638,pazy_proteins_cluster_43
423,ESM062,pazy_proteins_cluster_43
24,TfCut_1,pazy_proteins_cluster_43
224,HG-3,pazy_proteins_cluster_43
240,Dkca1,pazy_proteins_cluster_43
242,ScPETase,pazy_proteins_cluster_43
244,PD3,pazy_proteins_cluster_43
263,APET-24,pazy_proteins_cluster_43
310,1240,pazy_proteins_cluster_43
313,247,pazy_proteins_cluster_43
324,1868,pazy_proteins_cluster_43
329,1424,pazy_proteins_cluster_43
410,ESM024,pazy_proteins_cluster_43
424,ESM064,pazy_proteins_cluster_43
455,TEP024,pazy_proteins_cluster_43
25,TfCut_2,pazy_proteins_cluster_43
225,HG-4,pazy_proteins_cluster_43
251,Trypsin,pazy_proteins_cluster_43
256,APET-5,pazy_proteins_cluster_43
258,APET-15,pazy_proteins_cluster_43
264,APET-25,pazy_proteins_cluster_43
273,1625,pazy_proteins_cluster_43
284,1525,pazy_proteins_cluster_43
325,1718,pazy_proteins_cluster_43
425,ESM065,pazy_proteins_cluster_43
26,Cut1,pazy_proteins_cluster_43
226,HG-5,pazy_proteins_cluster_43
260,APET-19,pazy_proteins_cluster_43
262,APET-23,pazy_proteins_cluster_43
264,APET-25,pazy_proteins_cluster_43
266,APET-27,pazy_proteins_cluster_43
268,APET-29,pazy_proteins_cluster_43
326,401,pazy_proteins_cluster_43
411,ESM026,pazy_proteins_cluster_43
426,ESM069,pazy_proteins_cluster_43
485,TA26,pazy_proteins_cluster_43
27,Cut2,pazy_proteins_cluster_43
30,Tcur_1278,pazy_proteins_cluster_43
38,PET27,pazy_proteins_cluster_43
227,jmPE13,pazy_proteins_cluster_43
266,APET-27,pazy_proteins_cluster_43
270,Mipa-P,pazy_proteins_cluster_43
272,1611,pazy_proteins_cluster_43
274,1603,pazy_proteins_cluster_43
276,Kubu-P,pazy_proteins_cluster_43
278,1465,pazy_proteins_cluster_43
327,1392,pazy_proteins_cluster_43
427,ESM070,pazy_proteins_cluster_43
5,PLE628,pazy_proteins_cluster_43
28,Thc_Cut1,pazy_proteins_cluster_43
228,jmPE14,pazy_proteins_cluster_43
267,APET-28,pazy_proteins_cluster_43
271,1628,pazy_proteins_cluster_43
280,1617,pazy_proteins_cluster_43
282,1489,pazy_proteins_cluster_43
284,1525,pazy_proteins_cluster_43
286,1507,pazy_proteins_cluster_43
288,1821,pazy_proteins_cluster_43
328,486,pazy_proteins_cluster_43
331,282,pazy_proteins_cluster_43
333,1228,pazy_proteins_cluster_43
428,ESM080,pazy_proteins_cluster_43
438,ESM128,pazy_proteins_cluster_43
6,PLE629,pazy_proteins_cluster_43
29,Thc_Cut2,pazy_proteins_cluster_43
268,APET-29,pazy_proteins_cluster_43
290,1482,pazy_proteins_cluster_43
292,1546,pazy_proteins_cluster_43
294,1642,pazy_proteins_cluster_43
296,1537,pazy_proteins_cluster_43
298,1678,pazy_proteins_cluster_43
329,1424,pazy_proteins_cluster_43
429,ESM081,pazy_proteins_cluster_43
486,TA29,pazy_proteins_cluster_43
32,Thh_Est,pazy_proteins_cluster_43
132,101,pazy_proteins_cluster_43
211,Est11_32,pazy_proteins_cluster_43
232,RtC,pazy_proteins_cluster_43
269,APET-32,pazy_proteins_cluster_43
320,1478,pazy_proteins_cluster_43
322,169,pazy_proteins_cluster_43
324,1868,pazy_proteins_cluster_43
326,401,pazy_proteins_cluster_43
328,486,pazy_proteins_cluster_43
332,1635,pazy_proteins_cluster_43
432,ESM090,pazy_proteins_cluster_43
33,Est1,pazy_proteins_cluster_43
133,102,pazy_proteins_cluster_43
330,1475,pazy_proteins_cluster_43
332,1635,pazy_proteins_cluster_43
334,1876,pazy_proteins_cluster_43
336,191,pazy_proteins_cluster_43
338,PC4,pazy_proteins_cluster_43
412,ESM033,pazy_proteins_cluster_43
433,ESM093,pazy_proteins_cluster_43
34,Tha_Cut1,pazy_proteins_cluster_43
134,202,pazy_proteins_cluster_43
281,1534,pazy_proteins_cluster_43
334,1876,pazy_proteins_cluster_43
340,PC6,pazy_proteins_cluster_43
434,ESM096,pazy_proteins_cluster_43
35,Est119,pazy_proteins_cluster_43
135,204,pazy_proteins_cluster_43
235,LipMRD9,pazy_proteins_cluster_43
332,1635,pazy_proteins_cluster_43
335,1340,pazy_proteins_cluster_43
413,ESM035,pazy_proteins_cluster_43
435,ESM097,pazy_proteins_cluster_43
152,701,pazy_proteins_cluster_43
283,1521,pazy_proteins_cluster_43
291,1522,pazy_proteins_cluster_43
153,702,pazy_proteins_cluster_43
277,1538,pazy_proteins_cluster_43
281,1534,pazy_proteins_cluster_43
296,1537,pazy_proteins_cluster_43
154,711,pazy_proteins_cluster_43
292,1546,pazy_proteins_cluster_43
303,1545,pazy_proteins_cluster_43
335,1340,pazy_proteins_cluster_43
340,PC6,pazy_proteins_cluster_43
454,TEP014,pazy_proteins_cluster_43
188,IS12,pazy_proteins_cluster_44
2,PET5,pazy_proteins_cluster_45
5,PLE628,pazy_proteins_cluster_45
15,RgPETase,pazy_proteins_cluster_45
25,TfCut_2,pazy_proteins_cluster_45
35,Est119,pazy_proteins_cluster_45
135,204,pazy_proteins_cluster_45
139,305,pazy_proteins_cluster_45
142,405,pazy_proteins_cluster_45
145,409,pazy_proteins_cluster_45
147,503,pazy_proteins_cluster_45
150,607-Nsp,pazy_proteins_cluster_45
152,701,pazy_proteins_cluster_45
154,711,pazy_proteins_cluster_45
175,PHL-5,pazy_proteins_cluster_45
182,FoCut5a,pazy_proteins_cluster_45
185,SM14est,pazy_proteins_cluster_45
195,BurPL,pazy_proteins_cluster_45
214,Ces39_5,pazy_proteins_cluster_45
225,HG-4,pazy_proteins_cluster_45
235,LipMRD9,pazy_proteins_cluster_45
237,dsPETase05,pazy_proteins_cluster_45
251,Trypsin,pazy_proteins_cluster_45
256,APET-5,pazy_proteins_cluster_45
258,APET-15,pazy_proteins_cluster_45
264,APET-25,pazy_proteins_cluster_45
273,1625,pazy_proteins_cluster_45
275,1663,pazy_proteins_cluster_45
277,1538,pazy_proteins_cluster_45
281,1534,pazy_proteins_cluster_45
283,1521,pazy_proteins_cluster_45
285,1468,pazy_proteins_cluster_45
291,1522,pazy_proteins_cluster_45
293,385,pazy_proteins_cluster_45
295,917,pazy_proteins_cluster_45
297,1519,pazy_proteins_cluster_45
303,1545,pazy_proteins_cluster_45
305,1573,pazy_proteins_cluster_45
307,1555,pazy_proteins_cluster_45
311,1594,pazy_proteins_cluster_45
315,1309,pazy_proteins_cluster_45
317,1506,pazy_proteins_cluster_45
319,1395,pazy_proteins_cluster_45
321,1571,pazy_proteins_cluster_45
325,1718,pazy_proteins_cluster_45
330,1475,pazy_proteins_cluster_45
332,1635,pazy_proteins_cluster_45
335,1340,pazy_proteins_cluster_45
339,PC5,pazy_proteins_cluster_45
385,DP016,pazy_proteins_cluster_45
392,DP054,pazy_proteins_cluster_45
394,DP057,pazy_proteins_cluster_45
405,DP092,pazy_proteins_cluster_45
413,ESM035,pazy_proteins_cluster_45
415,ESM043,pazy_proteins_cluster_45
417,ESM050,pazy_proteins_cluster_45
419,ESM058,pazy_proteins_cluster_45
425,ESM065,pazy_proteins_cluster_45
435,ESM097,pazy_proteins_cluster_45
444,ESM156,pazy_proteins_cluster_45
446,ESM159,pazy_proteins_cluster_45
450,ESM173,pazy_proteins_cluster_45
452,ESM186,pazy_proteins_cluster_45
454,TEP014,pazy_proteins_cluster_45
456,TEP037,pazy_proteins_cluster_45
458,TEP054,pazy_proteins_cluster_45
465,TEP101,pazy_proteins_cluster_45
468,TEP105,pazy_proteins_cluster_45
474,TEP165,pazy_proteins_cluster_45
485,TA26,pazy_proteins_cluster_45
495,PET93,pazy_proteins_cluster_45
3,PET6,pazy_proteins_cluster_45
5,PLE628,pazy_proteins_cluster_45
16,LCC,pazy_proteins_cluster_45
26,Cut1,pazy_proteins_cluster_45
36,BsEstB,pazy_proteins_cluster_45
41,PET46,pazy_proteins_cluster_45
136,211,pazy_proteins_cluster_45
143,406,pazy_proteins_cluster_45
146,412,pazy_proteins_cluster_45
149,606,pazy_proteins_cluster_45
151,611,pazy_proteins_cluster_45
176,PHL-6,pazy_proteins_cluster_45
186,IS10,pazy_proteins_cluster_45
196,PET40,pazy_proteins_cluster_45
226,HG-5,pazy_proteins_cluster_45
236,dsPETase01,pazy_proteins_cluster_45
238,dsPETase06,pazy_proteins_cluster_45
256,APET-5,pazy_proteins_cluster_45
260,APET-19,pazy_proteins_cluster_45
262,APET-23,pazy_proteins_cluster_45
264,APET-25,pazy_proteins_cluster_45
266,APET-27,pazy_proteins_cluster_45
268,APET-29,pazy_proteins_cluster_45
271,1628,pazy_proteins_cluster_45
273,1625,pazy_proteins_cluster_45
275,1663,pazy_proteins_cluster_45
278,1465,pazy_proteins_cluster_45
280,1617,pazy_proteins_cluster_45
285,1468,pazy_proteins_cluster_45
292,1546,pazy_proteins_cluster_45
294,1642,pazy_proteins_cluster_45
296,1537,pazy_proteins_cluster_45
298,1678,pazy_proteins_cluster_45
300,1169,pazy_proteins_cluster_45
302,1463,pazy_proteins_cluster_45
306,1654,pazy_proteins_cluster_45
309,1620,pazy_proteins_cluster_45
314,1641,pazy_proteins_cluster_45
316,414,pazy_proteins_cluster_45
322,169,pazy_proteins_cluster_45
324,1868,pazy_proteins_cluster_45
326,401,pazy_proteins_cluster_45
328,486,pazy_proteins_cluster_45
332,1635,pazy_proteins_cluster_45
334,1876,pazy_proteins_cluster_45
336,191,pazy_proteins_cluster_45
340,PC6,pazy_proteins_cluster_45
382,DP006,pazy_proteins_cluster_45
385,DP016,pazy_proteins_cluster_45
393,DP056,pazy_proteins_cluster_45
396,DP061,pazy_proteins_cluster_45
406,ESM006,pazy_proteins_cluster_45
411,ESM026,pazy_proteins_cluster_45
416,ESM045,pazy_proteins_cluster_45
421,ESM060,pazy_proteins_cluster_45
423,ESM062,pazy_proteins_cluster_45
425,ESM065,pazy_proteins_cluster_45
434,ESM096,pazy_proteins_cluster_45
436,ESM101,pazy_proteins_cluster_45
440,ESM136,pazy_proteins_cluster_45
444,ESM156,pazy_proteins_cluster_45
446,ESM159,pazy_proteins_cluster_45
448,ESM167,pazy_proteins_cluster_45
452,ESM186,pazy_proteins_cluster_45
456,TEP037,pazy_proteins_cluster_45
459,TEP061,pazy_proteins_cluster_45
461,TEP083,pazy_proteins_cluster_45
463,TEP092,pazy_proteins_cluster_45
465,TEP101,pazy_proteins_cluster_45
467,TEP103,pazy_proteins_cluster_45
469,TEP109,pazy_proteins_cluster_45
472,TEP163,pazy_proteins_cluster_45
474,TEP165,pazy_proteins_cluster_45
476,TEP178,pazy_proteins_cluster_45
485,TA26,pazy_proteins_cluster_45
496,PET94,pazy_proteins_cluster_45
180,PbauzCut,pazy_proteins_cluster_45
452,ESM186,pazy_proteins_cluster_45
329,1424,pazy_proteins_cluster_46
150,607-Nsp,pazy_proteins_cluster_47
286,1507,pazy_proteins_cluster_47
317,1506,pazy_proteins_cluster_47
171,PHL-2,pazy_proteins_cluster_47
325,1718,pazy_proteins_cluster_47
242,ScPETase,pazy_proteins_cluster_47
336,191,pazy_proteins_cluster_47
462,TEP091,pazy_proteins_cluster_47
184,PET1,pazy_proteins_cluster_48
186,IS10,pazy_proteins_cluster_49
324,1868,pazy_proteins_cluster_49
452,ESM186,pazy_proteins_cluster_49
240,Dkca1,pazy_proteins_cluster_5
310,1240,pazy_proteins_cluster_5
226,HG-5,pazy_proteins_cluster_50
2,PET5,pazy_proteins_cluster_51
4,PET12,pazy_proteins_cluster_51
6,PLE629,pazy_proteins_cluster_51
12,PpEst,pazy_proteins_cluster_51
20,BTA-2,pazy_proteins_cluster_51
22,Tfu_0883,pazy_proteins_cluster_51
24,TfCut_1,pazy_proteins_cluster_51
26,Cut1,pazy_proteins_cluster_51
28,Thc_Cut1,pazy_proteins_cluster_51
30,Tcur_1278,pazy_proteins_cluster_51
32,Thh_Est,pazy_proteins_cluster_51
38,PET27,pazy_proteins_cluster_51
40,PET2,pazy_proteins_cluster_51
42,CalB,pazy_proteins_cluster_51
120,Cbotu_EstA,pazy_proteins_cluster_51
133,102,pazy_proteins_cluster_51
135,204,pazy_proteins_cluster_51
137,214,pazy_proteins_cluster_51
142,405,pazy_proteins_cluster_51
146,412,pazy_proteins_cluster_51
152,701,pazy_proteins_cluster_51
171,PHL-2,pazy_proteins_cluster_51
178,RgCut-2,pazy_proteins_cluster_51
182,FoCut5a,pazy_proteins_cluster_51
188,IS12,pazy_proteins_cluster_51
201,PaCut,pazy_proteins_cluster_51
210,Est8_89,pazy_proteins_cluster_51
212,Est18_23,pazy_proteins_cluster_51
214,Ces39_5,pazy_proteins_cluster_51
223,HG-2,pazy_proteins_cluster_51
225,HG-4,pazy_proteins_cluster_51
227,jmPE13,pazy_proteins_cluster_51
230,TaC,pazy_proteins_cluster_51
232,RtC,pazy_proteins_cluster_51
236,dsPETase01,pazy_proteins_cluster_51
238,dsPETase06,pazy_proteins_cluster_51
241,PpPETase,pazy_proteins_cluster_51
243,HGMP01,pazy_proteins_cluster_51
251,Trypsin,pazy_proteins_cluster_51
256,APET-5,pazy_proteins_cluster_51
258,APET-15,pazy_proteins_cluster_51
260,APET-19,pazy_proteins_cluster_51
262,APET-23,pazy_proteins_cluster_51
264,APET-25,pazy_proteins_cluster_51
266,APET-27,pazy_proteins_cluster_51
268,APET-29,pazy_proteins_cluster_51
270,Mipa-P,pazy_proteins_cluster_51
272,1611,pazy_proteins_cluster_51
274,1603,pazy_proteins_cluster_51
276,Kubu-P,pazy_proteins_cluster_51
278,1465,pazy_proteins_cluster_51
280,1617,pazy_proteins_cluster_51
282,1489,pazy_proteins_cluster_51
284,1525,pazy_proteins_cluster_51
286,1507,pazy_proteins_cluster_51
288,1821,pazy_proteins_cluster_51
290,1482,pazy_proteins_cluster_51
292,1546,pazy_proteins_cluster_51
294,1642,pazy_proteins_cluster_51
296,1537,pazy_proteins_cluster_51
298,1678,pazy_proteins_cluster_51
302,1463,pazy_proteins_cluster_51
309,1620,pazy_proteins_cluster_51
312,1457,pazy_proteins_cluster_51
320,1478,pazy_proteins_cluster_51
322,169,pazy_proteins_cluster_51
324,1868,pazy_proteins_cluster_51
326,401,pazy_proteins_cluster_51
328,486,pazy_proteins_cluster_51
331,282,pazy_proteins_cluster_51
333,1228,pazy_proteins_cluster_51
382,DP006,pazy_proteins_cluster_51
387,DP021,pazy_proteins_cluster_51
392,DP054,pazy_proteins_cluster_51
401,DP082,pazy_proteins_cluster_51
405,DP092,pazy_proteins_cluster_51
408,ESM012,pazy_proteins_cluster_51
410,ESM024,pazy_proteins_cluster_51
412,ESM033,pazy_proteins_cluster_51
418,ESM052,pazy_proteins_cluster_51
420,ESM059,pazy_proteins_cluster_51
422,ESM061,pazy_proteins_cluster_51
424,ESM064,pazy_proteins_cluster_51
426,ESM069,pazy_proteins_cluster_51
428,ESM080,pazy_proteins_cluster_51
430,ESM082,pazy_proteins_cluster_51
432,ESM090,pazy_proteins_cluster_51
437,ESM121,pazy_proteins_cluster_51
442,ESM140,pazy_proteins_cluster_51
452,ESM186,pazy_proteins_cluster_51
455,TEP024,pazy_proteins_cluster_51
462,TEP091,pazy_proteins_cluster_51
466,TEP102,pazy_proteins_cluster_51
472,TEP163,pazy_proteins_cluster_51
484,TA21,pazy_proteins_cluster_51
486,TA29,pazy_proteins_cluster_51
196,PET40,pazy_proteins_cluster_52
304,554,pazy_proteins_cluster_52
338,PC4,pazy_proteins_cluster_52
339,PC5,pazy_proteins_cluster_52
442,ESM140,pazy_proteins_cluster_52
448,ESM167,pazy_proteins_cluster_52
40,PET2,pazy_proteins_cluster_53
140,307,pazy_proteins_cluster_53
142,405,pazy_proteins_cluster_53
144,407,pazy_proteins_cluster_53
196,PET40,pazy_proteins_cluster_53
240,Dkca1,pazy_proteins_cluster_53
310,1240,pazy_proteins_cluster_53
326,401,pazy_proteins_cluster_53
335,1340,pazy_proteins_cluster_53
340,PC6,pazy_proteins_cluster_53
390,DP040,pazy_proteins_cluster_53
400,DP081,pazy_proteins_cluster_53
402,DP084,pazy_proteins_cluster_53
404,DP090,pazy_proteins_cluster_53
406,ESM006,pazy_proteins_cluster_53
408,ESM012,pazy_proteins_cluster_53
440,ESM136,pazy_proteins_cluster_53
442,ESM140,pazy_proteins_cluster_53
293,385,pazy_proteins_cluster_54
322,169,pazy_proteins_cluster_54
459,TEP061,pazy_proteins_cluster_54
479,TEP194,pazy_proteins_cluster_54
7,PpCutA,pazy_proteins_cluster_55
17,BhrPETase,pazy_proteins_cluster_55
27,Cut2,pazy_proteins_cluster_55
30,Tcur_1278,pazy_proteins_cluster_55
37,PHL-7,pazy_proteins_cluster_55
137,214,pazy_proteins_cluster_55
140,307,pazy_proteins_cluster_55
144,407,pazy_proteins_cluster_55
147,503,pazy_proteins_cluster_55
150,607-Nsp,pazy_proteins_cluster_55
152,701,pazy_proteins_cluster_55
154,711,pazy_proteins_cluster_55
171,PHL-2,pazy_proteins_cluster_55
173,PHL-3,pazy_proteins_cluster_55
175,PHL-5,pazy_proteins_cluster_55
177,Sub1,pazy_proteins_cluster_55
179,PsCut,pazy_proteins_cluster_55
187,IS11,pazy_proteins_cluster_55
227,jmPE13,pazy_proteins_cluster_55
237,dsPETase05,pazy_proteins_cluster_55
257,KbPETase,pazy_proteins_cluster_55
259,APET-17,pazy_proteins_cluster_55
266,APET-27,pazy_proteins_cluster_55
270,Mipa-P,pazy_proteins_cluster_55
272,1611,pazy_proteins_cluster_55
274,1603,pazy_proteins_cluster_55
276,Kubu-P,pazy_proteins_cluster_55
278,1465,pazy_proteins_cluster_55
280,1617,pazy_proteins_cluster_55
286,1507,pazy_proteins_cluster_55
289,1477,pazy_proteins_cluster_55
295,917,pazy_proteins_cluster_55
297,1519,pazy_proteins_cluster_55
301,1637,pazy_proteins_cluster_55
305,1573,pazy_proteins_cluster_55
307,1555,pazy_proteins_cluster_55
312,1457,pazy_proteins_cluster_55
317,1506,pazy_proteins_cluster_55
320,1478,pazy_proteins_cluster_55
325,1718,pazy_proteins_cluster_55
327,1392,pazy_proteins_cluster_55
330,1475,pazy_proteins_cluster_55
334,1876,pazy_proteins_cluster_55
337,PC3,pazy_proteins_cluster_55
383,DP007,pazy_proteins_cluster_55
386,DP017,pazy_proteins_cluster_55
394,DP057,pazy_proteins_cluster_55
397,DP068,pazy_proteins_cluster_55
407,ESM010,pazy_proteins_cluster_55
417,ESM050,pazy_proteins_cluster_55
427,ESM070,pazy_proteins_cluster_55
435,ESM097,pazy_proteins_cluster_55
437,ESM121,pazy_proteins_cluster_55
445,ESM157,pazy_proteins_cluster_55
447,ESM160,pazy_proteins_cluster_55
450,ESM173,pazy_proteins_cluster_55
456,TEP037,pazy_proteins_cluster_55
460,TEP067,pazy_proteins_cluster_55
464,TEP097,pazy_proteins_cluster_55
467,TEP103,pazy_proteins_cluster_55
470,TEP111,pazy_proteins_cluster_55
472,TEP163,pazy_proteins_cluster_55
474,TEP165,pazy_proteins_cluster_55
476,TEP178,pazy_proteins_cluster_55
478,TEP189,pazy_proteins_cluster_55
5,PLE628,pazy_proteins_cluster_55
8,PpelaLip,pazy_proteins_cluster_55
13,MG8,pazy_proteins_cluster_55
18,Cut190,pazy_proteins_cluster_55
22,Tfu_0883,pazy_proteins_cluster_55
28,Thc_Cut1,pazy_proteins_cluster_55
30,Tcur_1278,pazy_proteins_cluster_55
38,PET27,pazy_proteins_cluster_55
138,301,pazy_proteins_cluster_55
148,CtPl,pazy_proteins_cluster_55
178,RgCut-2,pazy_proteins_cluster_55
180,PbauzCut,pazy_proteins_cluster_55
182,FoCut5a,pazy_proteins_cluster_55
184,PET1,pazy_proteins_cluster_55
186,IS10,pazy_proteins_cluster_55
188,IS12,pazy_proteins_cluster_55
210,Est8_89,pazy_proteins_cluster_55
212,Est18_23,pazy_proteins_cluster_55
228,jmPE14,pazy_proteins_cluster_55
238,dsPETase06,pazy_proteins_cluster_55
258,APET-15,pazy_proteins_cluster_55
267,APET-28,pazy_proteins_cluster_55
271,1628,pazy_proteins_cluster_55
277,1538,pazy_proteins_cluster_55
280,1617,pazy_proteins_cluster_55
282,1489,pazy_proteins_cluster_55
284,1525,pazy_proteins_cluster_55
286,1507,pazy_proteins_cluster_55
288,1821,pazy_proteins_cluster_55
290,1482,pazy_proteins_cluster_55
293,385,pazy_proteins_cluster_55
298,1678,pazy_proteins_cluster_55
308,1591,pazy_proteins_cluster_55
318,1493,pazy_proteins_cluster_55
320,1478,pazy_proteins_cluster_55
323,1638,pazy_proteins_cluster_55
325,1718,pazy_proteins_cluster_55
328,486,pazy_proteins_cluster_55
331,282,pazy_proteins_cluster_55
333,1228,pazy_proteins_cluster_55
338,PC4,pazy_proteins_cluster_55
341,PC8,pazy_proteins_cluster_55
382,DP006,pazy_proteins_cluster_55
384,DP008,pazy_proteins_cluster_55
386,DP017,pazy_proteins_cluster_55
388,DP038,pazy_proteins_cluster_55
397,DP068,pazy_proteins_cluster_55
399,DP080,pazy_proteins_cluster_55
401,DP082,pazy_proteins_cluster_55
403,DP089,pazy_proteins_cluster_55
408,ESM012,pazy_proteins_cluster_55
414,ESM038,pazy_proteins_cluster_55
418,ESM052,pazy_proteins_cluster_55
428,ESM080,pazy_proteins_cluster_55
430,ESM082,pazy_proteins_cluster_55
438,ESM128,pazy_proteins_cluster_55
448,ESM167,pazy_proteins_cluster_55
452,ESM186,pazy_proteins_cluster_55
458,TEP054,pazy_proteins_cluster_55
461,TEP083,pazy_proteins_cluster_55
468,TEP105,pazy_proteins_cluster_55
475,TEP168,pazy_proteins_cluster_55
477,TEP181,pazy_proteins_cluster_55
480,KaPETase,pazy_proteins_cluster_55
483,DIEGO,pazy_proteins_cluster_55
485,TA26,pazy_proteins_cluster_55
489,GuaPA,pazy_proteins_cluster_55
6,PLE629,pazy_proteins_cluster_55
9,PE-H,pazy_proteins_cluster_55
18,Cut190,pazy_proteins_cluster_55
29,Thc_Cut2,pazy_proteins_cluster_55
31,Tcur0390,pazy_proteins_cluster_55
35,Est119,pazy_proteins_cluster_55
39,PET30,pazy_proteins_cluster_55
139,305,pazy_proteins_cluster_55
145,409,pazy_proteins_cluster_55
149,606,pazy_proteins_cluster_55
179,PsCut,pazy_proteins_cluster_55
195,BurPL,pazy_proteins_cluster_55
209,Lip4_120,pazy_proteins_cluster_55
213,Ces19_14,pazy_proteins_cluster_55
235,LipMRD9,pazy_proteins_cluster_55
259,APET-17,pazy_proteins_cluster_55
268,APET-29,pazy_proteins_cluster_55
279,1621,pazy_proteins_cluster_55
282,1489,pazy_proteins_cluster_55
287,1491,pazy_proteins_cluster_55
289,1477,pazy_proteins_cluster_55
291,1522,pazy_proteins_cluster_55
293,385,pazy_proteins_cluster_55
295,917,pazy_proteins_cluster_55
297,1519,pazy_proteins_cluster_55
299,1496,pazy_proteins_cluster_55
308,1591,pazy_proteins_cluster_55
311,1594,pazy_proteins_cluster_55
315,1309,pazy_proteins_cluster_55
318,1493,pazy_proteins_cluster_55
322,169,pazy_proteins_cluster_55
327,1392,pazy_proteins_cluster_55
329,1424,pazy_proteins_cluster_55
336,191,pazy_proteins_cluster_55
339,PC5,pazy_proteins_cluster_55
389,DP039,pazy_proteins_cluster_55
391,DP043,pazy_proteins_cluster_55
393,DP056,pazy_proteins_cluster_55
395,DP059,pazy_proteins_cluster_55
397,DP068,pazy_proteins_cluster_55
399,DP080,pazy_proteins_cluster_55
403,DP089,pazy_proteins_cluster_55
405,DP092,pazy_proteins_cluster_55
409,ESM021,pazy_proteins_cluster_55
419,ESM058,pazy_proteins_cluster_55
426,ESM069,pazy_proteins_cluster_55
429,ESM081,pazy_proteins_cluster_55
432,ESM090,pazy_proteins_cluster_55
434,ESM096,pazy_proteins_cluster_55
439,ESM130,pazy_proteins_cluster_55
441,ESM139,pazy_proteins_cluster_55
446,ESM159,pazy_proteins_cluster_55
449,ESM169,pazy_proteins_cluster_55
459,TEP061,pazy_proteins_cluster_55
462,TEP091,pazy_proteins_cluster_55
464,TEP097,pazy_proteins_cluster_55
469,TEP109,pazy_proteins_cluster_55
478,TEP189,pazy_proteins_cluster_55
486,TA29,pazy_proteins_cluster_55
494,E4,pazy_proteins_cluster_55
496,PET94,pazy_proteins_cluster_55
13,MG8,pazy_proteins_cluster_55
132,101,pazy_proteins_cluster_55
134,202,pazy_proteins_cluster_55
136,211,pazy_proteins_cluster_55
138,301,pazy_proteins_cluster_55
213,Ces19_14,pazy_proteins_cluster_55
227,jmPE13,pazy_proteins_cluster_55
313,247,pazy_proteins_cluster_55
315,1309,pazy_proteins_cluster_55
319,1395,pazy_proteins_cluster_55
327,1392,pazy_proteins_cluster_55
335,1340,pazy_proteins_cluster_55
413,ESM035,pazy_proteins_cluster_55
439,ESM130,pazy_proteins_cluster_55
441,ESM139,pazy_proteins_cluster_55
179,PsCut,pazy_proteins_cluster_55
143,406,pazy_proteins_cluster_56
18,Cut190,pazy_proteins_cluster_57
180,PbauzCut,pazy_proteins_cluster_57
182,FoCut5a,pazy_proteins_cluster_57
184,PET1,pazy_proteins_cluster_57
186,IS10,pazy_proteins_cluster_57
188,IS12,pazy_proteins_cluster_57
212,Est18_23,pazy_proteins_cluster_57
288,1821,pazy_proteins_cluster_57
318,1493,pazy_proteins_cluster_57
324,1868,pazy_proteins_cluster_57
334,1876,pazy_proteins_cluster_57
418,ESM052,pazy_proteins_cluster_57
452,ESM186,pazy_proteins_cluster_57
477,TEP181,pazy_proteins_cluster_57
172,PHL-1,pazy_proteins_cluster_57
1,ISPETase,pazy_proteins_cluster_58
4,PET12,pazy_proteins_cluster_58
10,PmC,pazy_proteins_cluster_58
12,PpEst,pazy_proteins_cluster_58
14,EstB,pazy_proteins_cluster_58
16,LCC,pazy_proteins_cluster_58
18,Cut190,pazy_proteins_cluster_58
21,TfH42_Cut1,pazy_proteins_cluster_58
24,TfCut_1,pazy_proteins_cluster_58
26,Cut1,pazy_proteins_cluster_58
28,Thc_Cut1,pazy_proteins_cluster_58
30,Tcur_1278,pazy_proteins_cluster_58
33,Est1,pazy_proteins_cluster_58
35,Est119,pazy_proteins_cluster_58
41,PET46,pazy_proteins_cluster_58
120,Cbotu_EstA,pazy_proteins_cluster_58
133,102,pazy_proteins_cluster_58
135,204,pazy_proteins_cluster_58
137,214,pazy_proteins_cluster_58
139,305,pazy_proteins_cluster_58
141,403,pazy_proteins_cluster_58
143,406,pazy_proteins_cluster_58
145,409,pazy_proteins_cluster_58
147,503,pazy_proteins_cluster_58
149,606,pazy_proteins_cluster_58
151,611,pazy_proteins_cluster_58
153,702,pazy_proteins_cluster_58
170,RCut,pazy_proteins_cluster_58
172,PHL-1,pazy_proteins_cluster_58
174,PHL-4,pazy_proteins_cluster_58
176,PHL-6,pazy_proteins_cluster_58
178,RgCut-2,pazy_proteins_cluster_58
180,PbauzCut,pazy_proteins_cluster_58
182,FoCut5a,pazy_proteins_cluster_58
184,PET1,pazy_proteins_cluster_58
186,IS10,pazy_proteins_cluster_58
188,IS12,pazy_proteins_cluster_58
196,PET40,pazy_proteins_cluster_58
209,Lip4_120,pazy_proteins_cluster_58
211,Est11_32,pazy_proteins_cluster_58
213,Ces19_14,pazy_proteins_cluster_58
215,CaPETase,pazy_proteins_cluster_58
227,jmPE13,pazy_proteins_cluster_58
231,DmC,pazy_proteins_cluster_58
236,dsPETase01,pazy_proteins_cluster_58
240,Dkca1,pazy_proteins_cluster_58
243,HGMP01,pazy_proteins_cluster_58
251,Trypsin,pazy_proteins_cluster_58
258,APET-15,pazy_proteins_cluster_58
260,APET-19,pazy_proteins_cluster_58
271,1628,pazy_proteins_cluster_58
273,1625,pazy_proteins_cluster_58
275,1663,pazy_proteins_cluster_58
277,1538,pazy_proteins_cluster_58
279,1621,pazy_proteins_cluster_58
281,1534,pazy_proteins_cluster_58
283,1521,pazy_proteins_cluster_58
285,1468,pazy_proteins_cluster_58
287,1491,pazy_proteins_cluster_58
289,1477,pazy_proteins_cluster_58
291,1522,pazy_proteins_cluster_58
294,1642,pazy_proteins_cluster_58
296,1537,pazy_proteins_cluster_58
298,1678,pazy_proteins_cluster_58
300,1169,pazy_proteins_cluster_58
302,1463,pazy_proteins_cluster_58
305,1573,pazy_proteins_cluster_58
307,1555,pazy_proteins_cluster_58
309,1620,pazy_proteins_cluster_58
311,1594,pazy_proteins_cluster_58
313,247,pazy_proteins_cluster_58
315,1309,pazy_proteins_cluster_58
317,1506,pazy_proteins_cluster_58
319,1395,pazy_proteins_cluster_58
321,1571,pazy_proteins_cluster_58
323,1638,pazy_proteins_cluster_58
325,1718,pazy_proteins_cluster_58
327,1392,pazy_proteins_cluster_58
329,1424,pazy_proteins_cluster_58
331,282,pazy_proteins_cluster_58
333,1228,pazy_proteins_cluster_58
335,1340,pazy_proteins_cluster_58
341,PC8,pazy_proteins_cluster_58
385,DP016,pazy_proteins_cluster_58
387,DP021,pazy_proteins_cluster_58
391,DP043,pazy_proteins_cluster_58
396,DP061,pazy_proteins_cluster_58
400,DP081,pazy_proteins_cluster_58
407,ESM010,pazy_proteins_cluster_58
409,ESM021,pazy_proteins_cluster_58
411,ESM026,pazy_proteins_cluster_58
413,ESM035,pazy_proteins_cluster_58
415,ESM043,pazy_proteins_cluster_58
417,ESM050,pazy_proteins_cluster_58
419,ESM058,pazy_proteins_cluster_58
421,ESM060,pazy_proteins_cluster_58
429,ESM081,pazy_proteins_cluster_58
431,ESM084,pazy_proteins_cluster_58
436,ESM101,pazy_proteins_cluster_58
438,ESM128,pazy_proteins_cluster_58
440,ESM136,pazy_proteins_cluster_58
442,ESM140,pazy_proteins_cluster_58
444,ESM156,pazy_proteins_cluster_58
446,ESM159,pazy_proteins_cluster_58
448,ESM167,pazy_proteins_cluster_58
450,ESM173,pazy_proteins_cluster_58
452,ESM186,pazy_proteins_cluster_58
454,TEP014,pazy_proteins_cluster_58
457,TEP041,pazy_proteins_cluster_58
459,TEP061,pazy_proteins_cluster_58
461,TEP083,pazy_proteins_cluster_58
465,TEP101,pazy_proteins_cluster_58
467,TEP103,pazy_proteins_cluster_58
469,TEP109,pazy_proteins_cluster_58
471,TEP114,pazy_proteins_cluster_58
473,TEP164,pazy_proteins_cluster_58
475,TEP168,pazy_proteins_cluster_58
477,TEP181,pazy_proteins_cluster_58
479,TEP194,pazy_proteins_cluster_58
481,Sis,pazy_proteins_cluster_58
484,TA21,pazy_proteins_cluster_58
15,RgPETase,pazy_proteins_cluster_58
150,607-Nsp,pazy_proteins_cluster_58
152,701,pazy_proteins_cluster_58
154,711,pazy_proteins_cluster_58
215,CaPETase,pazy_proteins_cluster_58
258,APET-15,pazy_proteins_cluster_58
277,1538,pazy_proteins_cluster_58
281,1534,pazy_proteins_cluster_58
283,1521,pazy_proteins_cluster_58
286,1507,pazy_proteins_cluster_58
291,1522,pazy_proteins_cluster_58
296,1537,pazy_proteins_cluster_58
303,1545,pazy_proteins_cluster_58
305,1573,pazy_proteins_cluster_58
307,1555,pazy_proteins_cluster_58
311,1594,pazy_proteins_cluster_58
315,1309,pazy_proteins_cluster_58
317,1506,pazy_proteins_cluster_58
321,1571,pazy_proteins_cluster_58
415,ESM043,pazy_proteins_cluster_58
444,ESM156,pazy_proteins_cluster_58
446,ESM159,pazy_proteins_cluster_58
181,AdCut,pazy_proteins_cluster_58
477,TEP181,pazy_proteins_cluster_58
259,APET-17,pazy_proteins_cluster_58
416,ESM045,pazy_proteins_cluster_58
310,1240,pazy_proteins_cluster_59
187,IS11,pazy_proteins_cluster_6
334,1876,pazy_proteins_cluster_6
141,403,pazy_proteins_cluster_60
341,PC8,pazy_proteins_cluster_60
132,101,pazy_proteins_cluster_61
237,dsPETase05,pazy_proteins_cluster_62
266,APET-27,pazy_proteins_cluster_62
316,414,pazy_proteins_cluster_63
326,401,pazy_proteins_cluster_63
328,486,pazy_proteins_cluster_63
337,PC3,pazy_proteins_cluster_63
402,DP084,pazy_proteins_cluster_63
476,TEP178,pazy_proteins_cluster_63
215,CaPETase,pazy_proteins_cluster_64
331,282,pazy_proteins_cluster_65
480,KaPETase,pazy_proteins_cluster_65
282,1489,pazy_proteins_cluster_66
489,GuaPA,pazy_proteins_cluster_66
3,PET6,pazy_proteins_cluster_67
13,MG8,pazy_proteins_cluster_67
22,Tfu_0883,pazy_proteins_cluster_67
30,Tcur_1278,pazy_proteins_cluster_67
32,Thh_Est,pazy_proteins_cluster_67
34,Tha_Cut1,pazy_proteins_cluster_67
36,BsEstB,pazy_proteins_cluster_67
38,PET27,pazy_proteins_cluster_67
43,FsC,pazy_proteins_cluster_67
132,101,pazy_proteins_cluster_67
134,202,pazy_proteins_cluster_67
136,211,pazy_proteins_cluster_67
138,301,pazy_proteins_cluster_67
140,307,pazy_proteins_cluster_67
143,406,pazy_proteins_cluster_67
147,503,pazy_proteins_cluster_67
153,702,pazy_proteins_cluster_67
173,PHL-3,pazy_proteins_cluster_67
183,MRCUT1,pazy_proteins_cluster_67
211,Est11_32,pazy_proteins_cluster_67
213,Ces19_14,pazy_proteins_cluster_67
223,HG-2,pazy_proteins_cluster_67
227,jmPE13,pazy_proteins_cluster_67
230,TaC,pazy_proteins_cluster_67
232,RtC,pazy_proteins_cluster_67
236,dsPETase01,pazy_proteins_cluster_67
238,dsPETase06,pazy_proteins_cluster_67
243,HGMP01,pazy_proteins_cluster_67
262,APET-23,pazy_proteins_cluster_67
269,APET-32,pazy_proteins_cluster_67
273,1625,pazy_proteins_cluster_67
275,1663,pazy_proteins_cluster_67
277,1538,pazy_proteins_cluster_67
281,1534,pazy_proteins_cluster_67
283,1521,pazy_proteins_cluster_67
293,385,pazy_proteins_cluster_67
296,1537,pazy_proteins_cluster_67
300,1169,pazy_proteins_cluster_67
302,1463,pazy_proteins_cluster_67
304,554,pazy_proteins_cluster_67
306,1654,pazy_proteins_cluster_67
308,1591,pazy_proteins_cluster_67
310,1240,pazy_proteins_cluster_67
312,1457,pazy_proteins_cluster_67
314,1641,pazy_proteins_cluster_67
316,414,pazy_proteins_cluster_67
318,1493,pazy_proteins_cluster_67
320,1478,pazy_proteins_cluster_67
322,169,pazy_proteins_cluster_67
324,1868,pazy_proteins_cluster_67
326,401,pazy_proteins_cluster_67
328,486,pazy_proteins_cluster_67
330,1475,pazy_proteins_cluster_67
332,1635,pazy_proteins_cluster_67
334,1876,pazy_proteins_cluster_67
336,191,pazy_proteins_cluster_67
338,PC4,pazy_proteins_cluster_67
340,PC6,pazy_proteins_cluster_67
381,DP003,pazy_proteins_cluster_67
383,DP007,pazy_proteins_cluster_67
385,DP016,pazy_proteins_cluster_67
387,DP021,pazy_proteins_cluster_67
389,DP039,pazy_proteins_cluster_67
391,DP043,pazy_proteins_cluster_67
393,DP056,pazy_proteins_cluster_67
395,DP059,pazy_proteins_cluster_67
397,DP068,pazy_proteins_cluster_67
399,DP080,pazy_proteins_cluster_67
403,DP089,pazy_proteins_cluster_67
412,ESM033,pazy_proteins_cluster_67
414,ESM038,pazy_proteins_cluster_67
423,ESM062,pazy_proteins_cluster_67
430,ESM082,pazy_proteins_cluster_67
432,ESM090,pazy_proteins_cluster_67
434,ESM096,pazy_proteins_cluster_67
436,ESM101,pazy_proteins_cluster_67
438,ESM128,pazy_proteins_cluster_67
440,ESM136,pazy_proteins_cluster_67
443,ESM144,pazy_proteins_cluster_67
450,ESM173,pazy_proteins_cluster_67
453,TEP010,pazy_proteins_cluster_67
456,TEP037,pazy_proteins_cluster_67
461,TEP083,pazy_proteins_cluster_67
463,TEP092,pazy_proteins_cluster_67
467,TEP103,pazy_proteins_cluster_67
472,TEP163,pazy_proteins_cluster_67
483,DIEGO,pazy_proteins_cluster_67
495,PET93,pazy_proteins_cluster_67
4,PET12,pazy_proteins_cluster_68
14,EstB,pazy_proteins_cluster_68
21,TfH42_Cut1,pazy_proteins_cluster_68
24,TfCut_1,pazy_proteins_cluster_68
34,Tha_Cut1,pazy_proteins_cluster_68
40,PET2,pazy_proteins_cluster_68
42,CalB,pazy_proteins_cluster_68
44,HiC,pazy_proteins_cluster_68
134,202,pazy_proteins_cluster_68
137,214,pazy_proteins_cluster_68
140,307,pazy_proteins_cluster_68
142,405,pazy_proteins_cluster_68
144,407,pazy_proteins_cluster_68
146,412,pazy_proteins_cluster_68
148,CtPl,pazy_proteins_cluster_68
154,711,pazy_proteins_cluster_68
174,PHL-4,pazy_proteins_cluster_68
184,PET1,pazy_proteins_cluster_68
196,PET40,pazy_proteins_cluster_68
209,Lip4_120,pazy_proteins_cluster_68
213,Ces19_14,pazy_proteins_cluster_68
224,HG-3,pazy_proteins_cluster_68
228,jmPE14,pazy_proteins_cluster_68
240,Dkca1,pazy_proteins_cluster_68
242,ScPETase,pazy_proteins_cluster_68
244,PD3,pazy_proteins_cluster_68
252,CYP450,pazy_proteins_cluster_68
263,APET-24,pazy_proteins_cluster_68
274,1603,pazy_proteins_cluster_68
278,1465,pazy_proteins_cluster_68
281,1534,pazy_proteins_cluster_68
284,1525,pazy_proteins_cluster_68
287,1491,pazy_proteins_cluster_68
289,1477,pazy_proteins_cluster_68
292,1546,pazy_proteins_cluster_68
294,1642,pazy_proteins_cluster_68
299,1496,pazy_proteins_cluster_68
302,1463,pazy_proteins_cluster_68
304,554,pazy_proteins_cluster_68
306,1654,pazy_proteins_cluster_68
310,1240,pazy_proteins_cluster_68
312,1457,pazy_proteins_cluster_68
314,1641,pazy_proteins_cluster_68
316,414,pazy_proteins_cluster_68
318,1493,pazy_proteins_cluster_68
320,1478,pazy_proteins_cluster_68
324,1868,pazy_proteins_cluster_68
326,401,pazy_proteins_cluster_68
328,486,pazy_proteins_cluster_68
330,1475,pazy_proteins_cluster_68
334,1876,pazy_proteins_cluster_68
338,PC4,pazy_proteins_cluster_68
340,PC6,pazy_proteins_cluster_68
384,DP008,pazy_proteins_cluster_68
390,DP040,pazy_proteins_cluster_68
392,DP054,pazy_proteins_cluster_68
394,DP057,pazy_proteins_cluster_68
400,DP081,pazy_proteins_cluster_68
402,DP084,pazy_proteins_cluster_68
404,DP090,pazy_proteins_cluster_68
406,ESM006,pazy_proteins_cluster_68
408,ESM012,pazy_proteins_cluster_68
410,ESM024,pazy_proteins_cluster_68
412,ESM033,pazy_proteins_cluster_68
414,ESM038,pazy_proteins_cluster_68
416,ESM045,pazy_proteins_cluster_68
418,ESM052,pazy_proteins_cluster_68
420,ESM059,pazy_proteins_cluster_68
422,ESM061,pazy_proteins_cluster_68
424,ESM064,pazy_proteins_cluster_68
426,ESM069,pazy_proteins_cluster_68
428,ESM080,pazy_proteins_cluster_68
430,ESM082,pazy_proteins_cluster_68
432,ESM090,pazy_proteins_cluster_68
434,ESM096,pazy_proteins_cluster_68
436,ESM101,pazy_proteins_cluster_68
438,ESM128,pazy_proteins_cluster_68
440,ESM136,pazy_proteins_cluster_68
442,ESM140,pazy_proteins_cluster_68
444,ESM156,pazy_proteins_cluster_68
446,ESM159,pazy_proteins_cluster_68
448,ESM167,pazy_proteins_cluster_68
450,ESM173,pazy_proteins_cluster_68
452,ESM186,pazy_proteins_cluster_68
454,TEP014,pazy_proteins_cluster_68
456,TEP037,pazy_proteins_cluster_68
458,TEP054,pazy_proteins_cluster_68
460,TEP067,pazy_proteins_cluster_68
462,TEP091,pazy_proteins_cluster_68
464,TEP097,pazy_proteins_cluster_68
466,TEP102,pazy_proteins_cluster_68
468,TEP105,pazy_proteins_cluster_68
470,TEP111,pazy_proteins_cluster_68
472,TEP163,pazy_proteins_cluster_68
474,TEP165,pazy_proteins_cluster_68
476,TEP178,pazy_proteins_cluster_68
478,TEP189,pazy_proteins_cluster_68
480,KaPETase,pazy_proteins_cluster_68
483,DIEGO,pazy_proteins_cluster_68
485,TA26,pazy_proteins_cluster_68
489,GuaPA,pazy_proteins_cluster_68
495,PET93,pazy_proteins_cluster_68
201,PaCut,pazy_proteins_cluster_69
227,jmPE13,pazy_proteins_cluster_69
228,jmPE14,pazy_proteins_cluster_69
333,1228,pazy_proteins_cluster_69
241,PpPETase,pazy_proteins_cluster_69
398,DP078,pazy_proteins_cluster_69
434,ESM096,pazy_proteins_cluster_69
287,1491,pazy_proteins_cluster_7
335,1340,pazy_proteins_cluster_70
278,1465,pazy_proteins_cluster_70
465,TEP101,pazy_proteins_cluster_70
133,102,pazy_proteins_cluster_71
30,Tcur_1278,pazy_proteins_cluster_72
39,PET30,pazy_proteins_cluster_72
138,301,pazy_proteins_cluster_72
140,307,pazy_proteins_cluster_72
230,TaC,pazy_proteins_cluster_72
300,1169,pazy_proteins_cluster_72
302,1463,pazy_proteins_cluster_72
304,554,pazy_proteins_cluster_72
306,1654,pazy_proteins_cluster_72
308,1591,pazy_proteins_cluster_72
315,1309,pazy_proteins_cluster_72
330,1475,pazy_proteins_cluster_72
430,ESM082,pazy_proteins_cluster_72
439,ESM130,pazy_proteins_cluster_72
31,Tcur0390,pazy_proteins_cluster_72
231,DmC,pazy_proteins_cluster_72
310,1240,pazy_proteins_cluster_72
312,1457,pazy_proteins_cluster_72
314,1641,pazy_proteins_cluster_72
316,414,pazy_proteins_cluster_72
318,1493,pazy_proteins_cluster_72
331,282,pazy_proteins_cluster_72
431,ESM084,pazy_proteins_cluster_72
295,917,pazy_proteins_cluster_72
328,486,pazy_proteins_cluster_73
486,TA29,pazy_proteins_cluster_73
270,Mipa-P,pazy_proteins_cluster_74
16,LCC,pazy_proteins_cluster_75
271,1628,pazy_proteins_cluster_75
273,1625,pazy_proteins_cluster_75
275,1663,pazy_proteins_cluster_75
279,1621,pazy_proteins_cluster_75
294,1642,pazy_proteins_cluster_75
298,1678,pazy_proteins_cluster_75
300,1169,pazy_proteins_cluster_75
306,1654,pazy_proteins_cluster_75
309,1620,pazy_proteins_cluster_75
314,1641,pazy_proteins_cluster_75
316,414,pazy_proteins_cluster_75
322,169,pazy_proteins_cluster_75
332,1635,pazy_proteins_cluster_75
385,DP016,pazy_proteins_cluster_75
416,ESM045,pazy_proteins_cluster_75
447,ESM160,pazy_proteins_cluster_75
449,ESM169,pazy_proteins_cluster_75
472,TEP163,pazy_proteins_cluster_75
474,TEP165,pazy_proteins_cluster_75
17,BhrPETase,pazy_proteins_cluster_75
170,RCut,pazy_proteins_cluster_75
172,PHL-1,pazy_proteins_cluster_75
174,PHL-4,pazy_proteins_cluster_75
176,PHL-6,pazy_proteins_cluster_75
178,RgCut-2,pazy_proteins_cluster_75
259,APET-17,pazy_proteins_cluster_75
280,1617,pazy_proteins_cluster_75
295,917,pazy_proteins_cluster_75
317,1506,pazy_proteins_cluster_75
325,1718,pazy_proteins_cluster_75
386,DP017,pazy_proteins_cluster_75
417,ESM050,pazy_proteins_cluster_75
450,ESM173,pazy_proteins_cluster_75
476,TEP178,pazy_proteins_cluster_75
483,DIEGO,pazy_proteins_cluster_75
238,dsPETase06,pazy_proteins_cluster_76
269,APET-32,pazy_proteins_cluster_76
257,KbPETase,pazy_proteins_cluster_77
275,1663,pazy_proteins_cluster_77
276,Kubu-P,pazy_proteins_cluster_77
467,TEP103,pazy_proteins_cluster_77
313,247,pazy_proteins_cluster_78
319,1395,pazy_proteins_cluster_79
144,407,pazy_proteins_cluster_8
443,ESM144,pazy_proteins_cluster_8
318,1493,pazy_proteins_cluster_8
312,1457,pazy_proteins_cluster_8
457,TEP041,pazy_proteins_cluster_8
236,dsPETase01,pazy_proteins_cluster_80
327,1392,pazy_proteins_cluster_81
37,PHL-7,pazy_proteins_cluster_82
137,214,pazy_proteins_cluster_82
237,dsPETase05,pazy_proteins_cluster_82
296,1537,pazy_proteins_cluster_82
301,1637,pazy_proteins_cluster_82
337,PC3,pazy_proteins_cluster_82
437,ESM121,pazy_proteins_cluster_82
456,TEP037,pazy_proteins_cluster_82
149,606,pazy_proteins_cluster_82
287,1491,pazy_proteins_cluster_82
299,1496,pazy_proteins_cluster_82
318,1493,pazy_proteins_cluster_82
173,PHL-3,pazy_proteins_cluster_82
450,ESM173,pazy_proteins_cluster_82
394,DP057,pazy_proteins_cluster_82
147,503,pazy_proteins_cluster_83
289,1477,pazy_proteins_cluster_83
320,1478,pazy_proteins_cluster_83
330,1475,pazy_proteins_cluster_83
315,1309,pazy_proteins_cluster_83
185,SM14est,pazy_proteins_cluster_84
381,DP003,pazy_proteins_cluster_84
145,409,pazy_proteins_cluster_85
312,1457,pazy_proteins_cluster_85
146,412,pazy_proteins_cluster_85
278,1465,pazy_proteins_cluster_85
285,1468,pazy_proteins_cluster_85
302,1463,pazy_proteins_cluster_85
481,Sis,pazy_proteins_cluster_86
333,1228,pazy_proteins_cluster_87
293,385,pazy_proteins_cluster_88
385,DP016,pazy_proteins_cluster_88
460,TEP067,pazy_proteins_cluster_88
178,RgCut-2,pazy_proteins_cluster_89
476,TEP178,pazy_proteins_cluster_89
120,Cbotu_EstA,pazy_proteins_cluster_9
209,Lip4_120,pazy_proteins_cluster_9
256,APET-5,pazy_proteins_cluster_90
323,1638,pazy_proteins_cluster_91
268,APET-29,pazy_proteins_cluster_92
286,1507,pazy_proteins_cluster_93
291,1522,pazy_proteins_cluster_93
302,1463,pazy_proteins_cluster_93
430,ESM082,pazy_proteins_cluster_93
432,ESM090,pazy_proteins_cluster_93
433,ESM093,pazy_proteins_cluster_93
443,ESM144,pazy_proteins_cluster_93
451,ESM177,pazy_proteins_cluster_93
300,1169,pazy_proteins_cluster_94
142,405,pazy_proteins_cluster_95
329,1424,pazy_proteins_cluster_95
243,HGMP01,pazy_proteins_cluster_96
148,CtPl,pazy_proteins_cluster_97
282,1489,pazy_proteins_cluster_97
290,1482,pazy_proteins_cluster_97
389,DP039,pazy_proteins_cluster_97
224,HG-3,pazy_proteins_cluster_98
31,Tcur0390,pazy_proteins_cluster_99
390,DP040,pazy_proteins_cluster_99
