protein_id,protein_name,verified_activity,organism_id,organism_name,phylum,substrates, EMBL-GenBank-DDBJ_CDS,EMBL-GenBank-DDBJ_CDS,MGnify,PDB,RefSeq_Protein,UniParc,UniProtKB,UniRef100,UniRef50,UniRef90,literature_dois,sequence_length
1,ISPETase,1,1,Piscinibacter sakaiensis,Pseudomonadota,PEF|PET,,GAP38373;GAP38373.1,,5XFY;5XFZ;5XG0;5XH2;5XH3;5XJH;5YFE;5YNS;6ANE;6EQD;6EQE;6EQF;6EQG;6EQH;6IJ3;6IJ4;6IJ5;6IJ6;6ILW;6ILX;6KUO;6KUQ;6KUS;6KY5;6QGC;7CQB;7CY0;7OSB;7QVH;7SH6;7VWN;7XTW;8CRU;8D1D;8GU4;8GU5;8H5J;8H5K;8H5L;8H5M;8H5O;8H83;8J17;8J45;8J5N;8VE9;8VEK;8VEL;8VEM;9LMS;9LMT;9LMU;9LMV;9LMW;9LMX,WP_054022242.1,UPI0006A8DE61,A0A0K8P6T7,UniRef100_A0A0K8P6T7,UniRef50_A0A0K8P6T7,UniRef90_A0A0K8P6T7,https://doi.org/10.1126/science.aad6359|https://doi.org/10.1038/s41467-017-02255-z|https://doi.org/10.1021/acscatal.0c05126|https://doi.org/10.1021/acscatal.9b00568|https://doi.org/10.1038/s41586-022-04599-z|https://doi.org/10.1038/s41929-022-00821-3|https://doi.org/10.3390/polym15071779|10.1039/D4SU00722K,290
2,PET5,1,2,Oleispira antarctica,Pseudomonadota,PET,,CCK74972.1;CCK74972,,,,UPI0003429338,R4YKL9,UniRef100_R4YKL9,UniRef50_A0A2K9LJV9,UniRef90_R4YKL9,https://doi.org/10.1128/aem.02773-17|https://doi.org/10.1128/AEM.01842-21,310
3,PET6,1,3,Vibrio gazogenes,Pseudomonadota,PET,,ASA57064.1;ASA57064,,,,UPI000480AD3A,A0A1Z2SIQ1,UniRef100_A0A1Z2SIQ1,UniRef50_A0A1N6M769,UniRef90_A0A1Z2SIQ1,https://doi.org/10.1128/aem.02773-17,298
4,PET12,1,4,Caldimonas brevitalea,Pseudomonadota,PET,,AKJ29164.1;AKJ29164,,,WP_047194864.1,UPI00064004B7,A0A0G3BI90,UniRef100_A0A0G3BI90,UniRef50_A0A0K8P6T7,UniRef90_A0A0G3BI90,https://doi.org/10.1128/aem.02773-17|https://doi.org/10.1002/cssc.202202277|https://doi.org/10.1038/s41929-021-00616-y,298
5,PLE628,1,5,Marinobacter sp.,Pseudomonadota,PBAT|PET,,UUT36764,,,,,,,,,https://doi.org/10.3389/fbioe.2022.930140|https://doi.org/10.1038/s41467-020-19583-2,307
6,PLE629,1,5,Marinobacter sp.,Pseudomonadota,PBAT|PET,,UUT36763,,,,,,,,,https://doi.org/10.3389/fbioe.2022.930140|https://doi.org/10.1038/s41467-020-19583-2,316
7,PpCutA,1,11,Ectopseudomonas oleovorans,Pseudomonadota,PET,,ADK73612;ADK73612.1,,,,UPI0001F7277B,E9KJL1,UniRef100_E9KJL1,UniRef50_A0A2K9LJV9,UniRef90_E9KJL1,https://doi.org/10.1139/w11-083|https://doi.org/10.1021/acs.est.7b00062,302
8,PpelaLip,1,7,Halopseudomonas pelagia,Pseudomonadota,PET,,ANP21910.1;ANP21910,,,WP_022964382.1,UPI0003A9F0B5,A0A1B0Z6Y3,UniRef100_A0A1B0Z6Y3,UniRef50_A0A2K9LJV9,UniRef90_A0A1B0Z6Y3,https://doi.org/10.1021/acs.est.7b00062,307
9,PE-H,1,8,Halopseudomonas aestusnigri,Pseudomonadota,PET,,OWL88088.1;OWL88088;SEG46094,,,WP_088276085.1,UPI00089F5A9D,A0A1H6AD45;A0AAQ1JQM2,UniRef100_A0AAQ1JQM2,UniRef50_A0A2K9LJV9,UniRef90_A0A1S8DKK6,https://doi.org/10.3389/fmicb.2020.00114,304
10,PmC,1,9,Ectopseudomonas mendocina,Pseudomonadota,PET,,ABP86951;ABP86951.1,,2FX5,,UPI0000E79739,A4Y035,UniRef100_A4Y035,UniRef50_A0A1H2ERN9,UniRef90_A4Y035,https://doi.org/10.1021/ma9005318,258
11,Mors1,1,10,Moraxella sp. TA144,Pseudomonadota,PEF|PET,,CAA37220.1;CAA37220,,8SPK,,UPI000012E6AB,P19833,UniRef100_P19833,UniRef50_P19833,UniRef90_P19833,https://doi.org/10.1128/AEM.01842-21|10.1039/D4SU00722K|10.1016/j.jhazmat.2022.128900,319
12,PpEst,1,11,Ectopseudomonas oleovorans,Pseudomonadota,PBAT|PET,,CDM40731;CDM40731.1;MDH1341286;MDH1341286.1;SUD53360;SUD53360.1;SUD60278;SUD60278.1,,,WP_003460012.1,UPI000273702F,W6R2Y2;A0A061D1S0,UniRef100_A0A061D1S0,UniRef50_Q9HZY8,UniRef90_A0A653BCE8,https://doi.org/10.1016/j.jbiotec.2017.01.012|https://doi.org/10.1007/s00253-016-7992-8,201
13,MG8,1,12,Pseudomonas sp.,Pseudomonadota,PET,,,MGYP000532440779,,,,,,,,https://doi.org/10.1002/anie.202203061,307
14,EstB,1,13,Pseudomonas sp. B10,Pseudomonadota,PET,,UFQ01240,,,WP_085690612;WP_085690612.1,UPI000A1DF6D3,A0ABY3Q520,UniRef100_A0A3T0JPS3,UniRef50_Q53547,UniRef90_A0A448DQ89,https://doi.org/10.3390/ijms23105612,218
15,RgPETase,1,14,Piscinibacter gummiphilus,Pseudomonadota,PET,,ARN19491.1;ARN19491,,7DZT;7DZU;7DZV,WP_085749752.1,UPI000A201A5A,A0A1W6L588,UniRef100_A0A1W6L588,UniRef50_A0A0K8P6T7,UniRef90_A0A1W6L588,https://doi.org/10.1016/j.jhazmat.2021.126075|https://doi.org/10.1002/cssc.202202277,292
16,LCC,1,15,,Actinomycetota,PC|PEF|PET|PUR,,AEV21261.1;AEV21261,,4EB0;6THS;6THT;7VVC;7VVE;7W1N;7W44;7W45;7DS7;8CMV;8JMO;8JMP;8OTA;8QRJ;9QYP;9QYQ;9QYR;9QYS;9QYT;9QYU,,UPI000243C995,G9BY57,UniRef100_G9BY57,UniRef50_Q6A0I4,UniRef90_G9BY57,https://doi.org/10.1128/aem.06725-11|https://doi.org/10.1021/acs.biochem.7b01189|https://doi.org/10.1038/s41586-020-2149-4|https://doi.org/10.3390/polym9020065|10.1021/acssuschemeng.4c00915|10.1002/cssc.202500944,293
17,BhrPETase,1,16,bacterium HR29,,PC|PET,,GBD22443.1;GBD22443,,7EOA,,UPI000CB4D10C,A0A2H5Z9R5;A0ACD6B9U1,UniRef100_A0ACD6B9U1,UniRef50_A0ACD6B9U1,UniRef90_A0ACD6B9U1,https://doi.org/10.1016/j.enzmictec.2020.109715|10.1002/cssc.202500944,293
18,Cut190,1,17,Saccharomonospora viridis,Actinomycetota,PET,,BAO42836.1;BAO42836;KHF45735;KHF45735.1;ACU97777,,4WFI;4WFJ;4WFK;5ZNO;5ZRQ;5ZRR;5ZRS;7CEF;7CEH;7CTR;7CTS;8IBL;8IBM;8Z2G;8Z2H;8Z2I;8Z2J;8Z2K,WP_015787089.1,UPI0001A384FF,W0TJ64;C7MVE8,UniRef100_C7MVE8,UniRef50_A0A543NNU7;UniRef50_A0A365HAJ8,UniRef90_C7MVE8,https://doi.org/10.1007/s00253-014-6272-8|https://doi.org/10.1007/s00253-014-5860-y|https://doi.org/10.1007/s00253-018-9374-x,304
19,BTA-1,1,18,Thermobifida fusca,Actinomycetota,PET,,CAH17553.1;AET05799.1;ADM47605.1;ADV92528.1;CBY05530.1;ADM47605;ADV92528;AET05799;CAH17553;CBY05530,,4CG1;4CG2;4CG3;5ZOA;7QJQ;7QJR,,UPI00003C5D7A,Q6A0I4,UniRef100_Q6A0I4,UniRef50_Q6A0I4,UniRef90_Q6A0I4,https://doi.org/10.1007/s00449-006-0069-9|https://doi.org/10.1002/marc.200500410|https://doi.org/10.1128/aem.64.5.1731-1735.1998|https://doi.org/10.1021/bm049582t,301
20,BTA-2,1,18,Thermobifida fusca,Actinomycetota,PET,,CAH17554.1;CAH17554,,,,UPI00004034DC,Q6A0I3,UniRef100_Q6A0I3,UniRef50_Q6A0I4,UniRef90_Q6A0I4,https://doi.org/10.1007/s00449-006-0069-9|https://doi.org/10.1002/marc.200500410|https://doi.org/10.1128/aem.64.5.1731-1735.1998|https://doi.org/10.1021/bm049582t,301
21,TfH42_Cut1,1,18,Thermobifida fusca,Actinomycetota,PET,,ADV92528.1;ADM47605;ADV92528;AET05799;CAH17553;CBY05530,,4CG1;4CG2;4CG3;5ZOA;7QJQ;7QJR,,UPI00003C5D7A,Q6A0I4,UniRef100_Q6A0I4,UniRef50_Q6A0I4,UniRef90_Q6A0I4,https://doi.org/10.1021/ma200949p,262
22,Tfu_0883,1,18,Thermobifida fusca,Actinomycetota,PET,,AAZ54921.1;AAZ54921;EOR72035,,,WP_011291330.1,UPI00003C5D7A,Q47RJ6;A0A9P2TBN9,UniRef100_Q6A0I4,UniRef50_Q6A0I4,UniRef90_Q6A0I4,https://doi.org/10.1074/jbc.m800848200|https://doi.org/10.1128/aem.00239-13|https://doi.org/10.1128/jb.01899-06,301
23,Tfu_0882,1,18,Thermobifida fusca,Actinomycetota,PET,,AAZ54920.1;AAZ54920,,,,UPI0000585AC8,Q47RJ7,UniRef100_G8GER6,UniRef50_Q6A0I4,UniRef90_Q6A0I4,https://doi.org/10.1074/jbc.m800848200,319
24,TfCut_1,1,18,Thermobifida fusca,Actinomycetota,PET,,CBY05529.1;CBY05529,,,,UPI0001F244C8,E5BBQ2,UniRef100_E5BBQ2,UniRef50_Q6A0I4,UniRef90_Q6A0I4,https://doi.org/10.1021/ma200949p,319
25,TfCut_2,1,18,Thermobifida fusca,Actinomycetota,PEF|PET|PUR,,CBY05530;ADM47605;ADV92528;AET05799;CAH17553,,4CG1;4CG2;4CG3;5ZOA;7QJQ;7QJR,,UPI00003C5D7A,Q6A0I4,UniRef100_Q6A0I4,UniRef50_Q6A0I4,UniRef90_Q6A0I4,https://doi.org/10.1038/s41598-019-52379-z|https://doi.org/10.1007/s00253-014-5672-0|https://doi.org/10.1002/bit.25941|https://doi.org/10.3390/polym9020065|10.1039/D4SU00722K,301
26,Cut1,1,18,Thermobifida fusca,Actinomycetota,PET,,AET05798.1;AET05798,,,,UPI0000585AC8,G8GER6,UniRef100_G8GER6,UniRef50_Q6A0I4,UniRef90_Q6A0I4,https://doi.org/10.1007/s12010-013-0219-x,319
27,Cut2,1,18,Thermobifida fusca,Actinomycetota,PET,,AET05799.1;ADM47605;ADV92528;AET05799;CAH17553;CBY05530,,4CG1;4CG2;4CG3;5ZOA;7QJQ;7QJR,,UPI00003C5D7A,Q6A0I4,UniRef100_Q6A0I4,UniRef50_Q6A0I4,UniRef90_Q6A0I4,https://doi.org/10.1007/s12010-013-0219-x,301
28,Thc_Cut1,1,23,Thermobifida cellulosilytica,Actinomycetota,PBAT|PC|PEF|PET|PLA,,ADV92526.1;ADV92526,,5LUI,,UPI0001F734C7,E9LVH8,UniRef100_E9LVH8,UniRef50_Q6A0I4,UniRef90_Q6A0I4,https://doi.org/10.1021/ma200949p|https://doi.org/10.1002/bit.26372|https://doi.org/10.1016/j.nbt.2015.11.004|10.1016/j.jbiotec.2016.02.006|10.3390/catal7110318|10.1002/cssc.202500944,265
29,Thc_Cut2,1,23,Thermobifida cellulosilytica,Actinomycetota,PET|PLA,,ADV92527.1;ADV92527,,5LUJ;5LUK;5LUL;7QJS,,UPI0001F734C8,E9LVH9,UniRef100_E9LVH9,UniRef50_Q6A0I4,UniRef90_Q6A0I4,https://doi.org/10.1021/ma200949p|https://doi.org/10.1002/bit.26372,265
30,Tcur_1278,1,24,Thermomonospora curvata,Actinomycetota,PET|PUR,,ACY96861.1;ACY96861,,7YKO;7YKP;7YKQ;8GZD,WP_012851645.1,UPI00019ECFA3,D1A9G5,UniRef100_D1A9G5,UniRef50_D1A9G5;UniRef50_A0A1H5UML9,UniRef90_D1A9G5,https://doi.org/10.1186/s13568-014-0044-9,289
31,Tcur0390,1,24,Thermomonospora curvata,Actinomycetota,PET|PUR,,ACY95991.1;ACY95991,,,WP_012850775.1,UPI00019ED271,D1A2H1,UniRef100_D1A2H1,UniRef50_D1A9G5;UniRef50_Q9L2J6,UniRef90_D1A2H1,https://doi.org/10.1186/s13568-014-0044-9,292
32,Thh_Est,1,25,Thermobifida halotolerans,Actinomycetota,PET,,AFA45122.1;AFA45122,,,,UPI00024FB2DC,H6WX58,UniRef100_H6WX58,UniRef50_Q6A0I4,UniRef90_A0AA97M4A3,https://doi.org/10.3390/polym4010617,262
33,Est1,1,88,Thermobifida alba,Actinomycetota,PBAT|PET,,BAI99230.2;BAI99230,,,,UPI0002170DC6,D4Q9N1,UniRef100_D4Q9N1,UniRef50_Q6A0I4,UniRef90_F7IX06,https://doi.org/10.1007/s00253-010-2555-x|https://doi.org/10.1016/j.jbiosc.2015.03.006|https://doi.org/10.1038/s41467-022-35237-x,296
34,Tha_Cut1,1,88,Thermobifida alba,Actinomycetota,PET,,,,,,,,,,,https://doi.org/10.3109/10242422.2012.644435,262
35,Est119,1,88,Thermobifida alba,Actinomycetota,PBAT|PET|PLA,,BAK48590.1;BAK48590,,3VIS;3WYN;6AID,,UPI0001CF81E0,F7IX06,UniRef100_F7IX06,UniRef50_Q6A0I4,UniRef90_F7IX06,https://doi.org/10.1111/febs.14781|https://doi.org/10.1007/s00253-011-3781-6|https://doi.org/10.1007/s00253-010-2555-x,300
36,BsEstB,1,28,Bacillus subtilis,Bacillota,PET,,ADH43200.1;ADH43200,,,,UPI0001D9996A,D7R6G8,UniRef100_D7R6G8,UniRef50_P37967,UniRef90_P37967,https://doi.org/10.1002/btpr.610,489
37,PHL-7,1,122,Compost metagenome,,PC|PEF|PET,,,,7NEI,,,,,,,https://doi.org/10.1002/cssc.202101062|https://doi.org/10.1021/acscatal.2c02275|10.1039/D4SU00722K|10.1002/cssc.202500944,267
38,PET27,1,30,Aequorivita sp. CIP111184,Bacteroidota,PET,,,,,WP_111881932,,,,,,https://doi.org/10.3389/fmicb.2021.803896,364
39,PET30,1,31,Kaistella jeonii,Bacteroidota,PET,,KIA88187;KIA88187.1,,7PZJ,WP_039353427;WP_039353427.1,UPI00057C759D,A0A0C1F4U8,UniRef100_A0A0C1F4U8,UniRef50_K4IHP4,UniRef90_A0A0C1F4U8,https://doi.org/10.3389/fmicb.2021.803896,366
40,PET2,1,32,Metagenome-derived with  no obvious affiliation,,PET,,ACC95208.1;ACC95208,,7EC8;7ECB,,UPI00019DBCBC,C3RYL0;A0ACD6B8G0,UniRef100_A0ACD6B8G0,UniRef50_A0A2K9LJV9,UniRef90_A0ACD6B8G0,https://doi.org/10.1128/aem.02773-17|https://doi.org/10.1021/acscatal.1c01204,308
41,PET46,1,33,Candidatus Bathyarchaeota archaeon,Candidatus Bathyarchaeota,PET,,RLI42440.1;RLI42440,,8B4U,,UPI000F145A36,A0A497NK85;A0ACD6BAI4,UniRef100_A0ACD6BAI4,UniRef50_A0ACD6BAI4,UniRef90_A0ACD6BAI4,https://doi.org/10.1038/s42004-023-00998-z,262
42,CalB,1,77,Moesziomyces antarcticus,Basidiomycota,PC|PET|PUR,,CAA83122.1;CAA83122;GAC74513;GAC74513.1,,1LBS;1LBT;1TCA;1TCB;1TCC;3ICV;3ICW;3W9B;4K5Q;4K6G;4K6H;4K6K;4ZV7;5A6V;5A71;5GV5;6ISP;6ISQ;6ISR;6J1P;6J1Q;6J1R;6J1S;6J1T;6TP8;9EVI;9FDE,,UPI000012E6E9;UPI0002C1A635,P41365;M9MDK9,UniRef100_P41365;UniRef100_A0A2Z5XE61,UniRef50_P41365,UniRef90_P41365,https://doi.org/10.1021/ma9005318|https://doi.org/10.1016/j.procbio.2016.07.023|https://doi.org/10.1002/cssc.202100243|10.1016/j.enzmictec.2010.09.011,342
43,FsC,1,34,Fusarium solani,Ascomycota,PET,,AAA33335.1;AAA33334;AAA33334.1;AAA33335,,1AGY;1CEX;1CUA;1CUB;1CUC;1CUD;1CUE;1CUF;1CUG;1CUH;1CUI;1CUJ;1CUS;1CUU;1CUV;1CUW;1CUX;1CUY;1CUZ;1FFA;1FFB;1FFC;1FFD;1FFE;1OXM;1XZA;1XZB;1XZC;1XZD;1XZE;1XZF;1XZG;1XZH;1XZI;1XZJ;1XZK;1XZL;1XZM;2CUT;3EF3;3ESA;3ESB;3ESC;3ESD;3QPA;3QPC,,UPI0000128702,P00590,UniRef100_P00590,UniRef50_P00590,UniRef90_P00590,https://doi.org/10.1016/j.procbio.2016.07.023|https://doi.org/10.1002/pola.20684,230
44,HiC,1,35,Mycothermus thermophilus,Ascomycota,PBAT|PEF|PET,,,,4OYY;4OYL,,UPI0000046655,A0A075B5G4,UniRef100_A0A075B5G4,UniRef50_A0A9P8VK17,UniRef90_A0A075B5G4,https://doi.org/10.1021/ma9005318|https://doi.org/10.1016/j.procbio.2016.07.023|https://doi.org/10.1016/j.nbt.2015.11.004|10.3390/catal7110318,194
120,Cbotu_EstA,1,90,Clostridium botulinum,Bacillota,PBAT|PET,,AKZ20828.1,,,,,,,,,https://doi.org/10.1002/bit.25874,452
132,101,1,97,Environmental sample,,PET,,,,,,,,,,,https://doi.org/10.1038/s41467-022-35237-x,302
133,102,1,97,Environmental sample,,PET,,,,,,,,,,,https://doi.org/10.1038/s41467-022-35237-x,297
134,202,1,97,Environmental sample,,PET,,,,,,,,,,,https://doi.org/10.1038/s41467-022-35237-x,380
135,204,1,163,Thermofilum sp.,Thermoproteota,PET,,,,,,,,,,,https://doi.org/10.1038/s41467-022-35237-x,242
136,211,1,33,Candidatus Bathyarchaeota archaeon,Candidatus Bathyarchaeota,PET,,,,,,,,,,,https://doi.org/10.1038/s41467-022-35237-x,264
137,214,1,97,Environmental sample,,PET,,,,,,,,,,,https://doi.org/10.1038/s41467-022-35237-x,240
138,301,1,97,Environmental sample,,PET,,,,,,,,,,,https://doi.org/10.1038/s41467-022-35237-x,211
139,305,1,97,Environmental sample,,PET,,,,,,,,,,,https://doi.org/10.1038/s41467-022-35237-x,232
140,307,1,97,Environmental sample,,PET,,,,,,,,,,,https://doi.org/10.1038/s41467-022-35237-x,178
141,403,1,98,Ketobacter sp.,Pseudomonadota,PET,,RLU00646.1,,,,UPI000F2289D4,A0A3L8BW54,,,,https://doi.org/10.1038/s41467-022-35237-x,284
142,405,1,99,Actinobacteria bacterium OK074,Actinomycetota,PET,,KPI12031.1,,,,UPI0006CE1F22,A0A0N0MY27,,,,https://doi.org/10.1038/s41467-022-35237-x,275
143,406,1,100,Comamonadaceae bacterium,Pseudomonadota,PET,,ODU60407.1,,,,UPI00086A1D61,A0A1E4LW26,,,,https://doi.org/10.1038/s41467-022-35237-x,305
144,407,1,101,Allorhizocola rhizosphaerae,Actinomycetota,PET,,,,,WP_162908185.1,,,,,,https://doi.org/10.1038/s41467-022-35237-x,393
145,409,1,98,Ketobacter sp.,Pseudomonadota,PET,,RLT92980.1,,,,UPI000F22754E,A0A3L8BDT3,,,,https://doi.org/10.1038/s41467-022-35237-x,269
146,412,1,102,Ketobacter alkanivorans,Pseudomonadota,PET,,,,,WP_158643351.1,,,,,,https://doi.org/10.1038/s41467-022-35237-x,283
147,503,1,103,Nocardioidaceae bacterium,Actinomycetota,PET,,EGD44994.1,,,,UPI000202904A,E9UPM2,,,,https://doi.org/10.1038/s41467-022-35237-x,259
148,CtPl,1,104,Caldimonas taiwanensis,Pseudomonadota,PET,,,,,WP_062195544.1,,,,,,https://doi.org/10.1038/s41467-022-35237-x|https://doi.org/10.1038/s41929-021-00616-y,270
149,606,1,105,Marinactinospora thermotolerans,Actinomycetota,PET,,SJZ42839.1;SJZ42839,,7QJO;8XHO,,UPI000999F173,A0A1T4KK94,UniRef100_A0A1T4KK94,UniRef50_A0A4V0ZKB9;UniRef50_Q6A0I4,UniRef90_A0A1T4KK94,https://doi.org/10.1038/s41467-022-35237-x|https://doi.org/10.3389/fbioe.2022.865787,263
150,607-Nsp,1,107,Actinobacteria bacterium OV320,Actinomycetota,PET,,KPI31299.1,,,,UPI0006BAE6A8,A0A0N0NEY5,,,,https://doi.org/10.1038/s41467-022-35237-x,310
151,611,1,106,Saccharopolyspora flava,Actinomycetota,PET,,SFS31492.1;SFS31492,,7QJP;9EWR,WP_093412886.1,UPI0008E1369A,A0A1I6NU60,UniRef100_A0A1I6NU60,UniRef50_A0A4V0ZKB9;UniRef50_A0A365HAJ8,UniRef90_A0A1I6NU60,https://doi.org/10.1038/s41467-022-35237-x,261
152,701,1,18,Thermobifida fusca,Actinomycetota,PET,,,,,WP_104613137.1,,,,,,https://doi.org/10.1038/s41467-022-35237-x,262
153,702,1,18,Thermobifida fusca,Actinomycetota,PET,,ADM47605.1;ADM47605;ADV92528;AET05799;CAH17553;CBY05530,,4CG1;4CG2;4CG3;5ZOA;7QJQ;7QJR,,UPI00003C5D7A,Q6A0I4,UniRef100_Q6A0I4,UniRef50_Q6A0I4,UniRef90_Q6A0I4,https://doi.org/10.1038/s41467-022-35237-x,263
154,711,1,23,Thermobifida cellulosilytica,Actinomycetota,PET,,,,,WP_083947829,,,,,,https://doi.org/10.1038/s41467-022-35237-x,261
170,RCut,1,119,Rhodococcus sp. (in: high G+C Gram-positive bacteria),Actinomycetota,PET,,UNZ22463.1,,,,,,,,,https://doi.org/10.1016/j.pep.2022.106077,216
171,PHL-2,1,15,,Actinomycetota,PET,,SAY37582.1,,,,,,,,,https://doi.org/10.1002/cssc.202101062,260
172,PHL-1,1,15,,Actinomycetota,PET,,SAY37579.1,,,,,,,,,https://doi.org/10.1002/cssc.202101062,260
173,PHL-3,1,121,Compost metagenome,Bacillota,PET,SAY37583.1,,,,,,,,,,https://doi.org/10.1002/cssc.202101062,259
174,PHL-4,1,122,Compost metagenome,,PET,,SAY37584.1,,,,,,,,,https://doi.org/10.1002/cssc.202101062,257
175,PHL-5,1,122,Compost metagenome,,PET,,SAY37587,,,,,,,,,https://doi.org/10.1002/cssc.202101062,257
176,PHL-6,1,122,Compost metagenome,,PET,,SAY37589,,,,,,,,,https://doi.org/10.1002/cssc.202101062,257
177,Sub1,1,123,Streptomyces scabiei,Actinomycetota,PET,,QEX94755,,,,UPI0012A98EE0,A0A5P3LVN0,UniRef100_A0A5P3LVN0,UniRef50_A0A117NXB1,UniRef90_A0A8I0TPX8,https://doi.org/10.1264/jsme2.ME19086,186
178,RgCut-2,1,14,Piscinibacter gummiphilus,Pseudomonadota,PET,,ARN19002;ARN19002.1,,8AIR,WP_085749238;WP_085749238.1,UPI000A2021CE,A0A1W6L438,UniRef100_A0A1W6L438,UniRef50_Q8RR62,UniRef90_A0A1W6L438,https://doi.org/10.1002/cssc.202202277,279
179,PsCut,1,125,Pseudomonas saudimassiliensis,Pseudomonadota,PET,,CEA05385;CEF27108,,8AIS,WP_044499735.1,UPI0004ED7BDE,A0A078MGG8,UniRef100_A0A078MGG8,UniRef50_A0A2K9LJV9,UniRef90_A0A031MKR8,https://doi.org/10.1002/cssc.202202277,302
180,PbauzCut,1,126,Halopseudomonas bauzanensis,Pseudomonadota,PET,,SER72431;SER72431.1;SFL57825;SFL57825.1,,8AIT,WP_036989706.1,UPI0004466F51,A0A031MKR8,UniRef100_A0A031MKR8,UniRef50_A0A2K9LJV9,UniRef90_A0A031MKR8,https://doi.org/10.1002/cssc.202202277,302
181,AdCut,1,127,Acidovorax delafieldii,Pseudomonadota,PET,,BAB86909;BAB86909.1,,8C65,,UPI00000B131F,Q8RR62,UniRef100_Q8RR62,UniRef50_Q8RR62,UniRef90_Q8RR62,https://doi.org/10.1002/cssc.202202277,304
182,FoCut5a,1,128,Fusarium oxysporum,Ascomycota,PET,,EXK81749;EXK81749.1,,5AJH,,UPI00021C8383,X0BTD8,UniRef100_X0BTD8,UniRef50_P00590,UniRef90_A6N6J6;UniRef90_A0A9P8D5N6,https://doi.org/10.1016/j.bbagen.2015.08.009,230
183,MRCUT1,1,129,Moniliophthora roreri,Basidiomycota,PET,,ESK97883;ESK97883.1,,,XP_007842885.1,UPI0003BF2E80,V2XFA5,UniRef100_V2XFA5,UniRef50_A0A423WYU0;UniRef50_A0A3N2Q233,UniRef90_V2XFA5,https://doi.org/10.1128/Spectrum.00976-21,203
184,PET1,1,130,Deinococcus maricopensis,Deinococcota,PET,,ADV66860;ADV66860.1,,,,UPI0001F59C72,E8U721,UniRef100_E8U721,UniRef50_A0A4V0ZKB9;UniRef50_Q6A0I4,UniRef90_E8U721,https://doi.org/10.1016/j.jhazmat.2023.131574|https://doi.org/10.1128/aem.02773-17,315
185,SM14est,1,131,Streptomyces sp. SM14,Actinomycetota,PET,,DAC80635;DAC80635.1,,,,UPI0013A713B4,A0A679PDB4,UniRef100_A0A679PDB4,UniRef50_A0A543NNU7,UniRef90_A0A679PDB4,https://doi.org/10.3389/fmicb.2023.1170880|https://doi.org/10.3389/fmicb.2019.02187,284
186,IS10,1,132,Chloroflexi bacterium enrichment culture,Chloroflexota,PET,,UNZ81746,,,,,,,,,https://doi.org/10.1128/aem.01704-22,314
187,IS11,1,133,Dehalococcoidia bacterium,Chloroflexota,PET,,UNZ81747,,,,,,,,,https://doi.org/10.1128/aem.01704-22,455
188,IS12,1,132,Chloroflexi bacterium enrichment culture,Chloroflexota,PET,,UNZ81748,,,,,,,,,https://doi.org/10.1128/aem.01704-22,318
193,Lipozyme TL,1,134,Thermomyces lanuginosus,Ascomycota,PET,,,,,,,,,,,https://doi.org/10.1002/pola.22952|https://doi.org/10.1016/j.jbiotec.2009.07.008,
194,ApLip-Ec,1,137,Aquabacterium parvum,Pseudomonadota,PET,,,,,,,,,,,https://doi.org/10.1016/j.bej.2023.108985,
195,BurPL,1,138,Burkholderiales bacterium,Pseudomonadota,PET,,OGB27210,,7CWQ,,UPI0008AC801E,A0A1F4JXW8;A0ACD6BA14,UniRef100_A0ACD6BA14,UniRef50_A0ABQ4Q7Y9,UniRef90_A0ACD6BA14,https://doi.org/10.1016/j.jhazmat.2022.128267|https://doi.org/10.3390/molecules28083528|https://doi.org/10.1038/s41929-021-00616-y,426
196,PET40,1,139,Amycolatopsis bacterium,Actinomycetota,PET,,WAU86704,,,,,,,,,https://doi.org/10.1111/febs.16924,263
201,PaCut,1,145,Aquipseudomonas alcaligenes,Pseudomonadota,PET,,SUD16364,,,,,,,,,https://doi.org/10.1002/cssc.202202277,298
202,GlacPETase,1,12,Pseudomonas sp.,Pseudomonadota,PET,,,,,,,,,,,https://doi.org/10.1111/1462-2920.16516,
203,CaL,1,77,Moesziomyces antarcticus,Basidiomycota,PET,,,,,,,,,,,https://doi.org/10.1007/s13205-023-03555-6,
204,RmL,1,147,Rhizomucor miehei,Mucoromycota,PET,,,,,,,,,,,https://doi.org/10.1007/s13205-023-03555-6,
209,Lip4_120,1,151,Caldibacillus thermoamylovorans,Bacillota,PET,,,,,WP_108898452,,,,,,https://doi.org/10.1016/j.ijbiomac.2024.129538,417
210,Est8_89,1,151,Caldibacillus thermoamylovorans,Bacillota,PET,,CEE00769;CEE00769.1,,,WP_034768559.1,UPI000505A1EA,A0A090KQ36,UniRef100_A0A090KQ36,UniRef50_A0A090KQ36,UniRef90_A0A090KQ36,https://doi.org/10.1016/j.ijbiomac.2024.129538,266
211,Est11_32,1,151,Caldibacillus thermoamylovorans,Bacillota,PET,,,,,WP_041846030,,,,,,https://doi.org/10.1016/j.ijbiomac.2024.129538,256
212,Est18_23,1,151,Caldibacillus thermoamylovorans,Bacillota,PET,,,,,WP_041847557,,,,,,https://doi.org/10.1016/j.ijbiomac.2024.129538,491
213,Ces19_14,1,151,Caldibacillus thermoamylovorans,Bacillota,PET,,CEE00383;CEE00383.1,,,WP_034767800;WP_034767800.1,UPI0005058543,A0A090IVG8,UniRef100_A0A090IVG8,UniRef50_A0A090IVG8;UniRef50_A0ABD4A7A7,UniRef90_A0A090IVG8;UniRef90_A0ABD4A7A7,https://doi.org/10.1016/j.ijbiomac.2024.129538,240
214,Ces39_5,1,151,Caldibacillus thermoamylovorans,Bacillota,PET,,,,,WP_108898647,,,,,,https://doi.org/10.1016/j.ijbiomac.2024.129538,249
215,CaPETase,1,152,Cryptosporangium aurantiacum,Actinomycetota,PET,,SHM40309,,7YM9;7YME,,UPI00091BE4D5,A0A1M7II12,UniRef100_A0A1M7II12,UniRef50_A0A4V0ZKB9;UniRef50_A0A365HAJ8,UniRef90_A0A1M7II12,https://doi.org/10.1038/s41467-023-40233-w,299
223,HG-2,1,159,Holdemanella biformis,Bacillota,PET,,RHB05449,,,WP_118011433;WP_118011433.1,UPI000E4BBB7A,A0A413UCA3,UniRef100_A0A413UCA3,UniRef50_C7N773,UniRef90_B7C847,https://doi.org/10.3390/microorganisms12010138,259
224,HG-3,1,160,Clostridiales bacterium AM23-16LB,Bacillota,PET,,RGD93181,,,,,,,,,https://doi.org/10.3390/microorganisms12010138,270
225,HG-4,1,161,Heyndrickxia coagulans,Bacillota,PET,,KYC60545;KYC60545.1,,,WP_013858543;WP_013858543.1,UPI000210FD27,A0A150JTB6,UniRef100_A0A150JTB6,UniRef50_A0A150JTB6,UniRef90_A0A150JTB6,https://doi.org/10.3390/microorganisms12010138,254
226,HG-5,1,162,Longicatena bacterium,Bacillota,PET,,,,,,,,,,,https://doi.org/10.3390/microorganisms12010138,313
227,jmPE13,1,12,Pseudomonas sp.,Pseudomonadota,PBAT|PET,,,,,,,,,,,https://doi.org/10.3389/fbioe.2024.1349010,273
228,jmPE14,1,12,Pseudomonas sp.,Pseudomonadota,PBAT|PET,,,,,,,,,,,https://doi.org/10.3389/fbioe.2024.1349010,271
230,TaC,1,166,Thermocarpiscus australiensis,Ascomycota,PET,,,,,,,,,,,https://doi.org/10.1021/acssuschemeng.4c00060,228
231,DmC,1,167,Dactylonectria macrodidyma,Ascomycota,PET,,KAH7127633,,,,UPI001DB3B9E9,A0A9P9DYB3,UniRef100_A0A9P9DYB3,UniRef50_A0A559L1V9;UniRef50_A0A9P9EQT6,UniRef90_A0A9P9DYB3,https://doi.org/10.1021/acssuschemeng.4c00060,238
232,RtC,1,168,Remersonia thermophila,Ascomycota,PET,,,,,,,,,,,https://doi.org/10.1021/acssuschemeng.4c00060,231
235,LipMRD9,1,170,Bacillus safensis,Bacillota,PET,,APJ12152,,,,,,,,,https://doi.org/10.1002/cctc.202400765,215
236,dsPETase01,1,171,Aeromicrobium sp.,Actinomycetota,PET,,,,,,,,,,,https://doi.org/10.1038/s41586-024-07891-2,287
237,dsPETase05,1,172,Gammaproteobacteria bacterium,Pseudomonadota,PET,,,,,,,,,,,https://doi.org/10.1038/s41586-024-07891-2,301
238,dsPETase06,1,173,Pseudomonadota bacterium,Pseudomonadota,PET,,MEC8523093,,,,,,,,,https://doi.org/10.1038/s41586-024-07891-2,292
239,TmFae-PETase,1,,,,PET,,,,,,,,,,,https://doi.org/10.1021/acs.est.4c01495,
240,Dkca1,1,174,Dietzia kunjamensis,Actinomycetota,PET,,WID88783,,,,,,,,,https://doi.org/10.1016/j.bbrc.2024.150833,462
241,PpPETase,1,175,Pseudomonas paralcaligenes,Pseudomonadota,PET,,,,,WP_220815207,,,,,,https://doi.org/10.1016/j.jhazmat.2024.134532,298
242,ScPETase,1,176,Streptomyces calvus,Actinomycetota,PET,,QDI72884;MBA8945451;MBA8945451.1;QDI72884.1;GAA3204575,,,WP_142197250.1,UPI00114DF279,A0A514JZP5;A0ABP6Q5U8,UniRef100_A0A514JZP5,UniRef50_D2BFB4,UniRef90_A0A081XXP9,https://doi.org/10.1016/j.jhazmat.2024.134532,300
243,HGMP01,1,,,,PET,,,,,,,,,,,https://doi.org/10.1016/j.ijbiomac.2024.137732,275
244,PD3,1,177,Brucella anthropi,Pseudomonadota,PET,,QPA27412,,,,,,,,,https://doi.org/10.1021/acsomega.4c04843,352
250,Glutathione S-transferase,1,,,,PET,,,,,,,,,,,https://doi.org/10.1021/acs.est.4c02132,
251,Trypsin,1,375,Sus scrofa,Chordata,PET,,,,,,,P00761,,,,https://doi.org/10.1021/acs.est.4c02132,231
252,CYP450,1,183,Homo sapiens,Chordata,PET,,,,,,,P08684,,,,https://doi.org/10.1021/acs.est.4c02132,503
256,APET-5,1,185,Lentzea guizhouensis,Actinomycetota,PET,,,,,WP_218920366.1,,,,,,https://doi.org/10.1038/s41467-025-61599-z,278
257,KbPETase,1,186,Kibdelosporangium banguiense,Actinomycetota,PET,,MBP2325020,,,WP_209642273.1,UPI001AE80D95,A0ABS4TKU6,UniRef100_A0ABS4TKU6,UniRef50_A0A1N6SMU6,UniRef90_A0ABS4TKU6,https://doi.org/10.1038/s41467-025-61599-z,254
258,APET-15,1,187,Actinomadura atramentaria,Actinomycetota,PET,,,,,WP_019629726.1,,,,,,https://doi.org/10.1038/s41467-025-61599-z,259
259,APET-17,1,188,Rhizobacter sp.,Pseudomonadota,PET,,MBX3625601.1,,,,,,,,,https://doi.org/10.1038/s41467-025-61599-z,263
260,APET-19,1,189,Thermomonospora umbrina,Actinomycetota,PET,,REE98418,,,WP_116023875.1,UPI000E2585CD,A0A3D9SRH8,UniRef100_A0A3D9SRH8,UniRef50_A0A3D9SRH8;UniRef50_Q9L2J6,UniRef90_A0A3D9SRH8,https://doi.org/10.1038/s41467-025-61599-z,254
261,APET-20,1,190,Solirubrobacteraceae bacterium,Actinomycetota,PET,,MBO9532528.1,,,,,,,,,https://doi.org/10.1038/s41467-025-61599-z,267
262,APET-23,1,191,Alphaproteobacteria bacterium,Pseudomonadota,PET,,MSQ87502.1,,,,,,,,,https://doi.org/10.1038/s41467-025-61599-z,326
263,APET-24,1,192,Actinomadura flavalba,Actinomycetota,PET,,,,,WP_018657411.1,,,,,,https://doi.org/10.1038/s41467-025-61599-z,248
264,APET-25,1,193,Actinophytocola sp.,Actinomycetota,PET,,MPZ00478.1,,,,,,,,,https://doi.org/10.1038/s41467-025-61599-z,256
265,APET-26,1,194,Dactylosporangium siamense,Actinomycetota,PET,,GIG45650;GIG45650.1,,,WP_203847453.1,UPI0019413FEB,A0A919PNJ3,UniRef100_A0A919PNJ3,UniRef50_A0A7W3LXJ4,UniRef90_A0A919PNJ3,https://doi.org/10.1038/s41467-025-61599-z,242
266,APET-27,1,195,Halopseudomonas oceani,Pseudomonadota,PET,,POB00859;POB00859.1,,,WP_104739856.1,UPI000CF19C64,A0A2P4EQG9,UniRef100_A0A2P4EQG9,UniRef50_A0A1H2ERN9,UniRef90_A0A2P4EQG9,https://doi.org/10.1038/s41467-025-61599-z,253
267,APET-28,1,196,Cellvibrionaceae bacterium,Pseudomonadota,PET,,MBX2857432.1,,,,,,,,,https://doi.org/10.1038/s41467-025-61599-z,244
268,APET-29,1,172,Gammaproteobacteria bacterium,Pseudomonadota,PET,,MBE65357.1,,,,,,,,,https://doi.org/10.1038/s41467-025-61599-z,276
269,APET-32,1,197,Oleibacter sp. HI0075,Pseudomonadota,PET,,KZY99137.1,,,,,,,,,https://doi.org/10.1038/s41467-025-61599-z,263
270,Mipa-P,1,198,Micromonospora pattaloongensis,Actinomycetota,PET,,SDZ16714.1;SDZ16714,,8YTU;8YTV;9IW9,WP_217634878.1,UPI00089AB700,A0A1H3QT72,UniRef100_A0A1H3QT72,UniRef50_A0A365HAJ8;UniRef50_A0A1N6SMU6,UniRef90_A0A1H3QT72,https://doi.org/10.1126/science.adp5637,294
271,1628,1,198,Micromonospora pattaloongensis,Actinomycetota,PET,,SDY46727;SDY46727.1,,,WP_091553551.1,UPI0008976C5C,A0A1H3K3E8,UniRef100_A0A1H3K3E8,UniRef50_I0L7L7;UniRef50_A0A243S155,UniRef90_A0A1H3K3E8;UniRef90_A0A6V8KDL4,https://doi.org/10.1126/science.adp5637,463
272,1611,1,199,Micromonospora ureilytica,Actinomycetota,PET,,,,,WP_124822775.1,,,,,,https://doi.org/10.1126/science.adp5637,465
273,1625,1,200,Plantactinospora sp. CNZ320,Actinomycetota,PET,,,,,WP_101366623.1,,,,,,https://doi.org/10.1126/science.adp5637,468
274,1603,1,201,Micromonospora arborensis,Actinomycetota,PET,,,,,WP_110567505.1,,,,,,https://doi.org/10.1126/science.adp5637,465
275,1663,1,202,Kibdelosporangium aridum,Actinomycetota,PET,,,,,WP_084434874.1,,,,,,https://doi.org/10.1126/science.adp5637,289
276,Kubu-P,1,203,Kutzneria buriramensis,Actinomycetota,PET,,REH34752;REH34752.1,,8YTW;8YTY;8YTZ,WP_116180173.1,UPI000E280B2B,A0A3E0H050,UniRef100_A0A3E0H050,UniRef50_A0A3E0H050;UniRef50_A0A1N6SMU6,UniRef90_A0A3E0H050,https://doi.org/10.1126/science.adp5637,288
277,1538,1,204,Plantactinospora sp. B6F1,Actinomycetota,PET,,,,,WP_130464304.1,,,,,,https://doi.org/10.1126/science.adp5637,472
278,1465,1,205,Saccharothrix sp. CB00851,Actinomycetota,PET,,,,,WP_073887759.1,,,,,,https://doi.org/10.1126/science.adp5637,415
279,1621,1,206,Micromonospora chokoriensis,Actinomycetota,PET,,SCF06241;SCF06241.1,,,WP_088988822.1,UPI00081D158A,A0A1C4XDC9,UniRef100_A0A1C4XDC9,UniRef50_I0L7L7;UniRef50_A0A243S155,UniRef90_A0A1C4XDC9,https://doi.org/10.1126/science.adp5637,465
280,1617,1,207,Micromonospora lupini,Actinomycetota,PET,,CCH19814.1;CCH19814,,,,UPI00025C03A6,I0L7L7,UniRef100_I0L7L7,UniRef50_I0L7L7;UniRef50_A0A243S155,UniRef90_I0L7L7,https://doi.org/10.1126/science.adp5637,465
281,1534,1,208,Micromonospora sp. NRRL B-16802,Actinomycetota,PET,,,,,WP_082377728.1,,,,,,https://doi.org/10.1126/science.adp5637,469
282,1489,1,209,Micromonospora sp. KC723,Actinomycetota,PET,,,,,WP_132386942.1,,,,,,https://doi.org/10.1126/science.adp5637,447
283,1521,1,210,Micromonospora sp. KC213,Actinomycetota,PET,,,,,WP_132337032.1,,,,,,https://doi.org/10.1126/science.adp5637,443
284,1525,1,211,Verrucosispora sp. CNZ293,Actinomycetota,PET,,,,,WP_099848711.1,,,,,,https://doi.org/10.1126/science.adp5637,444
285,1468,1,212,Kribbella albertanoniae,Actinomycetota,PET,,TDC21237,,,WP_132413760.1,UPI00104DEC55,A0A4R4PH12,UniRef100_A0A4R4PH12,UniRef50_A0A243S155,UniRef90_A0A4R4PH12,https://doi.org/10.1126/science.adp5637,444
286,1507,1,213,Catellatospora sichuanensis,Actinomycetota,PET,,,,,WP_144126986.1,,,,,,https://doi.org/10.1126/science.adp5637,275
287,1491,1,214,Saccharothrix sp. NRRL B-16348,Actinomycetota,PET,,,,,WP_082403176.1,,,,,,https://doi.org/10.1126/science.adp5637,455
288,1821,1,215,Streptomyces violaceusniger,Actinomycetota,PET,,,,,WP_137976057.1,,,,,,https://doi.org/10.1126/science.adp5637,378
289,1477,1,216,Streptomyces sp. RP5T,Actinomycetota,PET,,,,,WP_125191182.1,,,,,,https://doi.org/10.1126/science.adp5637,315
290,1482,1,217,Saccharothrix saharensis,Actinomycetota,PET,,,,,WP_141984372.1,,,,,,https://doi.org/10.1126/science.adp5637,413
291,1522,1,218,Catellatospora paridis,Actinomycetota,PET,,,,,WP_155388305.1,,,,,,https://doi.org/10.1126/science.adp5637,276
292,1546,1,219,Micromonospora sp. (multispecies),Actinomycetota,PET,,,,,WP_013736455.1,UPI000206AC8C,A0A9X0I4X4,UniRef100_A0A9X0I4X4,UniRef50_I0L7L7;UniRef50_A0A243S155,UniRef90_A0A9X0I4X4,https://doi.org/10.1126/science.adp5637,448
293,385,1,220,Thermoactinospora rubra,Actinomycetota,PET,,,,,WP_143590710.1,,,,,,https://doi.org/10.1126/science.adp5637,272
294,1642,1,221,Micromonospora orduensis,Actinomycetota,PET,,TNH28703,,,WP_139584963.1,UPI00111B7A89,A0A5C4QSJ8,UniRef100_A0A5C4QSJ8,UniRef50_A0A243S155,UniRef90_A0A5C4QSJ8,https://doi.org/10.1126/science.adp5637,465
295,917,1,222,Actinomadura bacterium,Actinomycetota,PET,,,,,WP_083950838.1,,,,,,https://doi.org/10.1126/science.adp5637,297
296,1537,1,223,Streptomyces sp. CB00455,Actinomycetota,PET,,OKK16161.1,,,,,,,,,https://doi.org/10.1126/science.adp5637,425
297,1519,1,224,Verrucosispora sp. SN26_14.1,Actinomycetota,PET,,,,,WP_131056699.1,,,,,,https://doi.org/10.1126/science.adp5637,426
298,1678,1,225,Lentzea aerocolonigenes,Actinomycetota,PET,,KJK32948,,,WP_045318561.1,UPI0005EC3BAA,A0A0F0GA73,UniRef100_A0A0F0GA73,UniRef50_A0A941ALA2;UniRef50_A0A243S155,UniRef90_A0A0F0GA73,https://doi.org/10.1126/science.adp5637,424
299,1496,1,226,Streptomyces acidiscabies,Actinomycetota,PET,,,,,WP_075737041.1,,,,,,https://doi.org/10.1126/science.adp5637,304
300,1169,1,185,Lentzea guizhouensis,Actinomycetota,PET,,ANZ39369,,,WP_065917710.1,UPI00081A52E8,A0A1B2HNS7,UniRef100_A0A1B2HNS7,UniRef50_A0A4V0ZKB9;UniRef50_A0A365HAJ8,UniRef90_A0A1B2HNS7,https://doi.org/10.1126/science.adp5637,276
301,1637,1,227,Micromonospora violae,Actinomycetota,PET,,RZT79377;RZT79377.1,,,WP_130401777.1,UPI00102B0E4E,A0A4Q7UDQ3,UniRef100_A0A4Q7UDQ3,UniRef50_I0L7L7;UniRef50_A0A243S155,UniRef90_A0A4Q7UDQ3,https://doi.org/10.1126/science.adp5637,462
302,1463,1,228,Dactylosporangium aurantiacum,Actinomycetota,PET,,,,,WP_081971423.1,,,,,,https://doi.org/10.1126/science.adp5637,265
303,1545,1,229,Micromonospora sediminimaris,Actinomycetota,PET,,,,,WP_093411427.1,,,,,,https://doi.org/10.1126/science.adp5637,467
304,554,1,230,Amycolatopsis kentuckyensis,Actinomycetota,PET,,,,,WP_086849962.1,,,,,,https://doi.org/10.1126/science.adp5637,309
305,1573,1,231,Lentzea atacamensis,Actinomycetota,PET,,PWK83820;PWK83820.1,,,WP_109639600.1,UPI000D6BE22F,A0A316HUR8,UniRef100_A0A316HUR8,UniRef50_A0A941ALA2;UniRef50_A0A243S155,UniRef90_A0A316HUR8,https://doi.org/10.1126/science.adp5637,422
306,1654,1,232,Crossiella equi,Actinomycetota,PET,,,,,WP_086784246.1,,,,,,https://doi.org/10.1126/science.adp5637,418
307,1555,1,233,Streptomyces achromogenes,Actinomycetota,PET,,,,,WP_078844206.1,,,,,,https://doi.org/10.1126/science.adp5637,348
308,1591,1,234,Micromonospora haikouensis,Actinomycetota,PET,,SCF06376;SCF06376.1,,,WP_091283529.1,UPI00081E2ADC,A0A1C4XD55,UniRef100_A0A1C4XD55,UniRef50_I0L7L7;UniRef50_A0A243S155,UniRef90_A0A1C4YLV9,https://doi.org/10.1126/science.adp5637,463
309,1620,1,235,Micromonospora saelicesensis,Actinomycetota,PET,,,,,WP_112669767.1,,,,,,https://doi.org/10.1126/science.adp5637,461
310,1240,1,236,Luteipulveratus halotolerans,Actinomycetota,PET,,KNX38636.1;KNX38636,,,,UPI0006A49B64,A0A0L6CLF9,UniRef100_A0A0L6CLF9,UniRef50_A0A0L6CLF9,UniRef90_A0A0L6CLF9,https://doi.org/10.1126/science.adp5637,303
311,1594,1,237,Micromonospora carbonacea,Actinomycetota,PET,,,,,WP_083302694.1,,,,,,https://doi.org/10.1126/science.adp5637,463
312,1457,1,238,Amycolatopsis vastitatis,Actinomycetota,PET,,,,,WP_093954453.1,,,,,,https://doi.org/10.1126/science.adp5637,302
313,247,1,93,Steroidobacter cummioxidans,Pseudomonadota,PET,,,,,WP_116813002.1,,,,,,https://doi.org/10.1126/science.adp5637,288
314,1641,1,239,Micromonospora coriariae,Actinomycetota,PET,,,,,WP_089021493.1,,,,,,https://doi.org/10.1126/science.adp5637,460
315,1309,1,240,Nocardioides albertanoniae,Actinomycetota,PET,,TQL66274.1;TQL66274,,,WP_246087895.1,UPI00116EADF7,A0A543A134,UniRef100_A0A543A134,UniRef50_A0A7Z0IUR9;UniRef50_A0A365HAJ8,UniRef90_A0A543A134,https://doi.org/10.1126/science.adp5637,286
316,414,1,376,Amycolatopsis bacterium,Actinomycetota,PET,,ROS43649;ROS43649.1,,,WP_123685830.1,UPI000F4C86F0,A0A3N2H5C7,UniRef100_A0A3N2H5C7,UniRef50_D1A9G5;UniRef50_Q9L2J6,UniRef90_A0A3N2H5C7,https://doi.org/10.1126/science.adp5637,289
317,1506,1,241,Lentzea albidocapillata,Actinomycetota,PET,,SMC48522;SMC48522.1,,,WP_084400763.1,UPI0009D8A8A4,A0A1W1ZJY9,UniRef100_A0A1W1ZJY9,UniRef50_I0L7L7;UniRef50_A0A243S155,UniRef90_A0A1G8Q8L3,https://doi.org/10.1126/science.adp5637,436
318,1493,1,242,Micromonospora sp. KC606,Actinomycetota,PET,,,,,WP_132183354.1,,,,,,https://doi.org/10.1126/science.adp5637,454
319,1395,1,243,Herbihabitans rhizosphaerae,Actinomycetota,PET,,RZS34008.1;RZS34008,,,WP_242613666.1,UPI0010CF28B1,A0A4Q7KGM3,UniRef100_A0A4Q7KGM3,UniRef50_A0A0L6CLF9,UniRef90_A0A4Q7KGM3,https://doi.org/10.1126/science.adp5637,288
320,1478,1,244,Streptomyces ipomoeae,Actinomycetota,PET,,,,,WP_141569747.1,,,,,,https://doi.org/10.1126/science.adp5637,331
321,1571,1,245,Micromonospora inaquosa,Actinomycetota,PET,,,,,WP_124770494.1,,,,,,https://doi.org/10.1126/science.adp5637,329
322,169,1,246,Microbispora sp. GKU 823,Actinomycetota,PET,,OPG10926.1,,,,,,,,,https://doi.org/10.1126/science.adp5637,308
323,1638,1,247,Actinoplanes subtropicus,Actinomycetota,PET,,,,,WP_051808300.1,,,,,,https://doi.org/10.1126/science.adp5637,277
324,1868,1,248,Microbispora triticiradicis,Actinomycetota,PET,,,,,WP_111700265.1,,,,,,https://doi.org/10.1126/science.adp5637,436
325,1718,1,249,Kutzneria sp. 744,Actinomycetota,PET,,,,,WP_084578793.1,,,,,,https://doi.org/10.1126/science.adp5637,337
326,401,1,250,Micromonospora chalcea,Actinomycetota,PET,,,,,WP_104115406.1,,,,,,https://doi.org/10.1126/science.adp5637,296
327,1392,1,251,Streptomyces sp. MA5143a,Actinomycetota,PET,,SPF04022.1,,,,,,,,,https://doi.org/10.1126/science.adp5637,287
328,486,1,252,Micromonospora globbae,Actinomycetota,PET,,RKF29126;RKF29126.1,,,WP_120326365.1,UPI000E727470,A0A420F8B0,UniRef100_A0A420F8B0,UniRef50_D1A9G5;UniRef50_A0A1H5UML9,UniRef90_A0A420F8B0,https://doi.org/10.1126/science.adp5637,300
329,1424,1,253,Actinokineospora spheciospongiae,Actinomycetota,PET,,,,,WP_110080872.1,,,,,,https://doi.org/10.1126/science.adp5637,316
330,1475,1,254,Lentzea kentuckyensis,Actinomycetota,PET,,,,,WP_086668955.1,,,,,,https://doi.org/10.1126/science.adp5637,375
331,282,1,255,Amycolatopsis arida,Actinomycetota,PET,,,,,WP_092528534.1,,,,,,https://doi.org/10.1126/science.adp5637,299
332,1635,1,256,Micromonospora sp. HM134,Actinomycetota,PET,,,,,WP_145923095.1,,,,,,https://doi.org/10.1126/science.adp5637,487
333,1228,1,257,Actinokineospora iranica,Actinomycetota,PET,,,,,WP_091450391.1,,,,,,https://doi.org/10.1126/science.adp5637,281
334,1876,1,258,Streptomyces dysideae,Actinomycetota,PET,,KUO14559,,,WP_067035690.1,UPI00074649B9,A0A101UPP1,UniRef100_A0A101UPP1,UniRef50_A0A7W7GLP4;UniRef50_A0ABV8GUI5,UniRef90_A0A101UPP1,https://doi.org/10.1126/science.adp5637,423
335,1340,1,259,Actinomadura rubteroloni,Actinomycetota,PET,,POM25299;POM25299.1,,,WP_103564314.1,UPI000CD928EA,A0A2P4UJS9,UniRef100_A0A2P4UJS9,UniRef50_A0A4V0ZKB9;UniRef50_A0A365HAJ8,UniRef90_A0A2P4UJS9,https://doi.org/10.1126/science.adp5637,298
336,191,1,260,Streptomyces sp. SCA2-2,Actinomycetota,PET,,,,,WP_129849678.1,,,,,,https://doi.org/10.1126/science.adp5637,316
337,PC3,1,261,Thermomonospora echinospora,Actinomycetota,PET,,SEG69681.1;SEG69681,,,WP_103939557.1,UPI00089EEDB1,A0A1H6C9P0,UniRef100_A0A1H6C9P0,UniRef50_D1A9G5;UniRef50_A0A1H5UML9,UniRef90_A0A1H6C9P0,https://doi.org/10.1038/s41467-023-40233-w,292
338,PC4,1,262,Amycolatopsis eburnea,Actinomycetota,PET,,RSD13955;RSD13955.1,,,WP_125313231.1,UPI000F67F0F9,A0A3R9F716,UniRef100_A0A3R9F716,UniRef50_A0A4V0ZKB9;UniRef50_Q6A0I4,UniRef90_A0A3R9F716,https://doi.org/10.1038/s41467-023-40233-w,309
339,PC5,1,263,Actinokineospora bangkokensis,Actinomycetota,PET,,OLR92979;OLR92979.1,,,WP_075975245.1,UPI000962BCCF,A0A1Q9LLU8,UniRef100_A0A1Q9LLU8,UniRef50_A0A543NNU7;UniRef50_A0A1N6SMU6,UniRef90_A0A1Q9LLU8,https://doi.org/10.1038/s41467-023-40233-w,307
340,PC6,1,23,Thermobifida cellulosilytica,Actinomycetota,PET,,KUP97549;KUP97549.1,,,WP_068752972.1,UPI0007977732,A0A147KJY8,UniRef100_A0A147KJY8,UniRef50_Q6A0I4,UniRef90_A0A147KJY8,https://doi.org/10.1038/s41467-023-40233-w,300
341,PC8,1,264,Pseudomonadales bacterium,Pseudomonadota,PET,,MBA55398.1,,,,,,,,,https://doi.org/10.1038/s41467-023-40233-w,303
342,Nepenthesin-1,1,265,Nepenthes distillatoria,Streptophyta,PET|PUR,,,,,,,,,,,https://doi.org/10.1038/s41598-025-14331-2,
381,DP003,1,301,Jonesia denitrificans,Actinomycetota,PET,,ACV09511;ACV09511.1,,,,UPI00019BC6B1,C7QZV3,UniRef100_C7QZV3,UniRef50_A0A543NNU7,UniRef90_C7QZV3,https://doi.org/10.1021/acscatal.5c03460,259
382,DP006,1,302,Actinokineospora alba,Actinomycetota,PET,,TDP67440,,,,,,,,,https://doi.org/10.1021/acscatal.5c03460,263
383,DP007,1,253,Actinokineospora spheciospongiae,Actinomycetota,PET,,EWC60711,,,WP_035284691;WP_035284691.1,UPI0003ECE9B6,W7IW76,UniRef100_W7IW76,UniRef50_A0A2P4UD72;UniRef50_A0A365HAJ8,UniRef90_W7IW76,https://doi.org/10.1021/acscatal.5c03460,266
384,DP008,1,243,Herbihabitans rhizosphaerae,Actinomycetota,PET,,RZS45049,,,WP_130342639;WP_130342639.1,UPI00102B1983,A0A4Q7L5W5,UniRef100_A0A4Q7L5W5,UniRef50_P0DX29;UniRef50_A0A2P4UDC3,UniRef90_A0A4Q7L5W5,https://doi.org/10.1021/acscatal.5c03460,264
385,DP016,1,303,Actinomadura physcomitrii,Actinomycetota,PET,,MWA05158;MWA05158.1,,,WP_151597653.1,UPI00124D218B,A0A6I4MG66,UniRef100_A0A6I4MG66,UniRef50_A0A7D3VX47;UniRef50_A0A7K1L1I6,UniRef90_A0A7D3VX47,https://doi.org/10.1021/acscatal.5c03460,280
386,DP017,1,304,Actinokineospora xionganensis,Actinomycetota,PET,,MBC6451736,,,WP_187224800.1,UPI0016504B7B,A0ABR7LG92,UniRef100_A0ABR7LG92,UniRef50_A0A365H755,UniRef90_A0A1H0WDR5,https://doi.org/10.1021/acscatal.5c03460,257
387,DP021,1,305,Dactylosporangium sp.,Actinomycetota,PET,,MBT8227529.1,,,,,,,,,https://doi.org/10.1021/acscatal.5c03460,395
388,DP038,1,188,Rhizobacter sp.,Pseudomonadota,PET,,MBX3624429.1,,,,,,,,,https://doi.org/10.1021/acscatal.5c03460,266
389,DP039,1,14,Piscinibacter gummiphilus,Pseudomonadota,PET,,ARN20166;ARN20166.1,,,WP_085750434.1,UPI000A202151,A0A1W6L7G8,UniRef100_A0A1W6L7G8,UniRef50_A0A2U8FWH1;UniRef50_A0ABR6GM29,UniRef90_A0A1W6L7G8,https://doi.org/10.1021/acscatal.5c03460,267
390,DP040,1,253,Actinokineospora spheciospongiae,Actinomycetota,PET,,EWC64147,,,WP_233427406.1,UPI0003ECEC21,W7J542,UniRef100_W7J542,UniRef50_A0A365H755,UniRef90_W7J542,https://doi.org/10.1021/acscatal.5c03460,269
391,DP043,1,306,Actinoplanes sp. DH11,Actinomycetota,PET,,,,,WP_229068674.1,,,,,,https://doi.org/10.1021/acscatal.5c03460,269
392,DP054,1,307,Actinomadura rayongensis,Actinomycetota,PET,,MXQ66241,,,WP_161104454.1,UPI0013533E06,A0A6I4W9J4,UniRef100_A0A6I4W9J4,UniRef50_A0A2P4UDC3,UniRef90_A0A2P4UDC3,https://doi.org/10.1021/acscatal.5c03460,261
393,DP056,1,15,,Actinomycetota,PET,,,MGYP001489421514,,,,,,,,https://doi.org/10.1021/acscatal.5c03460,263
394,DP057,1,308,Acidimicrobiales bacterium,Actinomycetota,PET,,MBN2622270.1,,,,,,,,,https://doi.org/10.1021/acscatal.5c03460,287
395,DP059,1,15,,Actinomycetota,PET,,,MGYP001121581011,,,,,,,,https://doi.org/10.1021/acscatal.5c03460,392
396,DP061,1,309,Paractinoplanes polyasparticus,Actinomycetota,PET,,,,,WP_221382552.1,,,,,,https://doi.org/10.1021/acscatal.5c03460,404
397,DP068,1,15,,Actinomycetota,PET,,,MGYP000271253724,,,,,,,,https://doi.org/10.1021/acscatal.5c03460,420
398,DP078,1,310,Pseudomonas fluvialis,Pseudomonadota,PET,,MBB6341764,,,WP_184682765.1,UPI00160F0CD1,A0A7X0EU44,UniRef100_A0A7X0EU44,UniRef50_A0A2K9LJV9,UniRef90_A0A7X0EU44,https://doi.org/10.1021/acscatal.5c03460,273
399,DP080,1,311,Thermoleophilaceae bacterium,Actinomycetota,PET,,MBJ7347705.1,,,,,,,,,https://doi.org/10.1021/acscatal.5c03460,259
400,DP081,1,15,,Actinomycetota,PET,,,MGYP000221121644,,,,,,,,https://doi.org/10.1021/acscatal.5c03460,425
401,DP082,1,312,Paractinoplanes durhamensis,Actinomycetota,PET,,GIE05432,,,WP_203733135.1,UPI0019459E00,A0ABQ3Z6H3,UniRef100_A0ABQ3Z6H3,UniRef50_A0ABQ3Z6H3,UniRef90_A0ABQ3Z6H3,https://doi.org/10.1021/acscatal.5c03460,259
402,DP084,1,313,Hamadaea sp.,Actinomycetota,PET,,NUT34383.1,,,,,,,,,https://doi.org/10.1021/acscatal.5c03460,257
403,DP089,1,314,Promicromonospora panici,Actinomycetota,PET,,,,,WP_129786244.1,,,,,,https://doi.org/10.1021/acscatal.5c03460,257
404,DP090,1,315,Streptomyces sp. ST2-7A,Actinomycetota,PET,,,,,WP_233872418.1,,,,,,https://doi.org/10.1021/acscatal.5c03460,268
405,DP092,1,316,Microbispora catharanthi,Actinomycetota,PET,,KAB8173340;KAB8173340.1,,,WP_139580723.1,UPI00111B15AC,A0A5N6AZJ9,UniRef100_A0A5N6AZJ9,UniRef50_A0A941ALA2,UniRef90_A0A5N6AZJ9,https://doi.org/10.1021/acscatal.5c03460,417
406,ESM006,1,317,Saccharothrix sp. S26,Actinomycetota,PET,,,,,WP_267938240.1,,,,,,https://doi.org/10.1021/acscatal.5c03460,405
407,ESM010,1,318,Microbispora sp. (multispecies),Actinomycetota,PET,,,,,WP_167521412.1,,,,,,https://doi.org/10.1021/acscatal.5c03460,423
408,ESM012,1,319,Solwaraspora sp. WMMA2059,Actinomycetota,PET,,WBC00352.1,,,,,,,,,https://doi.org/10.1021/acscatal.5c03460,401
409,ESM021,1,320,Microbispora oryzae,Actinomycetota,PET,,MBP2706078;MBP2706078.1,,,WP_210157342.1,UPI001AEC23E7,A0A941ALA2,UniRef100_A0A941ALA2,UniRef50_A0A941ALA2,UniRef90_A0A941ALA2,https://doi.org/10.1021/acscatal.5c03460,398
410,ESM024,1,248,Microbispora triticiradicis,Actinomycetota,PET,,MBO4274871.1,,,,,,,,,https://doi.org/10.1021/acscatal.5c03460,432
411,ESM026,1,321,Microbispora sp. ATCC PTA-5024,Actinomycetota,PET,,,,,WP_232326807.1,,,,,,https://doi.org/10.1021/acscatal.5c03460,416
412,ESM033,1,322,Phytohabitans rumicis,Actinomycetota,PET,,GFJ87714.1;GFJ87714,,,,UPI00141446F8,A0A6V8KV47,UniRef100_A0A6V8KV47,UniRef50_A0A1N6XE42;UniRef50_A0A5N6B8J9,UniRef90_A0A6V8KV47,https://doi.org/10.1021/acscatal.5c03460,380
413,ESM035,1,323,Saccharothrix deserti,Actinomycetota,PET,,,,,WP_158852571.1,,,,,,https://doi.org/10.1021/acscatal.5c03460,382
414,ESM038,1,324,Microbispora sp. H10830,Actinomycetota,PET,,,,,WP_182904095.1,,,,,,https://doi.org/10.1021/acscatal.5c03460,417
415,ESM043,1,325,Streptomyces sp. NRRL F-5123,Actinomycetota,PET,,,,,WP_031525917.1,,,,,,https://doi.org/10.1021/acscatal.5c03460,402
416,ESM045,1,188,Rhizobacter sp.,Pseudomonadota,PET,,MBX3621832.1,,,,,,,,,https://doi.org/10.1021/acscatal.5c03460,256
417,ESM050,1,308,Acidimicrobiales bacterium,Actinomycetota,PET,,GIU85367.1,,,,,,,,,https://doi.org/10.1021/acscatal.5c03460,244
418,ESM052,1,326,Paractinoplanes deccanensis,Actinomycetota,PET,,,,,WP_203777396.1,,,,,,https://doi.org/10.1021/acscatal.5c03460,417
419,ESM058,1,327,Phytohabitans houttuyneae,Actinomycetota,PET,,GFJ81874;GFJ81874.1,,,WP_173061649.1,UPI001414991C,A0A6V8KDL4,UniRef100_A0A6V8KDL4,UniRef50_I0L7L7;UniRef50_A0A243S155,UniRef90_A0A6V8KDL4,https://doi.org/10.1021/acscatal.5c03460,412
420,ESM059,1,328,Micromonospora craterilacus,Actinomycetota,PET,,,,,WP_111214096.1,,,,,,https://doi.org/10.1021/acscatal.5c03460,409
421,ESM060,1,329,Paractinoplanes rishiriensis,Actinomycetota,PET,,,,,WP_203790592.1,,,,,,https://doi.org/10.1021/acscatal.5c03460,381
422,ESM061,1,330,Plantactinospora alkalitolerans,Actinomycetota,PET,,MBF9135495.1;MBF9135495,,,,UPI0018ACF686,A0ABS0HAQ4,UniRef100_A0ABS0HAQ4,UniRef50_A0AAE8VVC6;UniRef50_A0ABS0HAQ4,UniRef90_A0ABS0HAQ4,https://doi.org/10.1021/acscatal.5c03460,293
423,ESM062,1,331,Micromonospora taraxaci,Actinomycetota,PET,,TWG17167.1;TWG17167,,,,UPI00119C4979,A0A561VZY8,UniRef100_A0A561VZY8,UniRef50_I0L7L7;UniRef50_A0A243S155,UniRef90_A0A1C4Y8Y7,https://doi.org/10.1021/acscatal.5c03460,412
424,ESM064,1,332,Phytohabitans aurantiacus,Actinomycetota,PET,,GLI01021.1;GLI01021,,,WP_281901711.1,UPI0022EE72CC,A0ABQ5R2R9,UniRef100_A0ABQ5R2R9,UniRef50_A0A919N2S9;UniRef50_A0ABQ5R2R9,UniRef90_A0ABQ5R2R9,https://doi.org/10.1021/acscatal.5c03460,374
425,ESM065,1,333,Micromonospora qiuiae,Actinomycetota,PET,,,,,WP_204038550.1,,,,,,https://doi.org/10.1021/acscatal.5c03460,270
426,ESM069,1,235,Micromonospora saelicesensis,Actinomycetota,PET,,,,,WP_181548579.1,,,,,,https://doi.org/10.1021/acscatal.5c03460,408
427,ESM070,1,334,Micromonospora sp. AKA109,Actinomycetota,PET,,GHJ08786.1,,,,,,,,,https://doi.org/10.1021/acscatal.5c03460,400
428,ESM080,1,335,Micromonospora rifamycinica,Actinomycetota,PET,,SCG74774,,,WP_084261341.1,UPI00081F7C57,A0A1C5JVZ6,UniRef100_A0A1C5JVZ6,UniRef50_I0L7L7;UniRef50_A0A243S155,UniRef90_A0A1C5JVZ6,https://doi.org/10.1021/acscatal.5c03460,419
429,ESM081,1,336,Micromonospora sp. CPCC 205371,Actinomycetota,PET,,,,,WP_265247586.1,,,,,,https://doi.org/10.1021/acscatal.5c03460,375
430,ESM082,1,337,Dactylosporangium vinaceum,Actinomycetota,PET,,UAC02078.1,,,,,,,,,https://doi.org/10.1021/acscatal.5c03460,251
431,ESM084,1,338,Actinoallomurus spadix,Actinomycetota,PET,,,,,WP_252811421.1,,,,,,https://doi.org/10.1021/acscatal.5c03460,375
432,ESM090,1,339,Dactylosporangium sucinum,Actinomycetota,PET,,GGM69934,,,WP_229836555.1,UPI0019C2DED3,A0A917UAD8,UniRef100_A0A917UAD8,UniRef50_A0A365HAJ8;UniRef50_A0A1N6SMU6,UniRef90_A0A917UAD8,https://doi.org/10.1021/acscatal.5c03460,251
433,ESM093,1,194,Dactylosporangium siamense,Actinomycetota,PET,,GIG42977,,,WP_239135698.1,UPI001A58577F,A0A919PGK4,UniRef100_A0A919PGK4,UniRef50_A0A365HAJ8;UniRef50_A0A1N6SMU6,UniRef90_A0A919PGK4;UniRef90_A0ABV9WL17,https://doi.org/10.1021/acscatal.5c03460,251
434,ESM096,1,340,Pseudomonas subflava,Pseudomonadota,PET,,,,,WP_252275389.1,,,,,,https://doi.org/10.1021/acscatal.5c03460,273
435,ESM097,1,341,Dactylosporangium matsuzakiense,Actinomycetota,PET,,GLL08040,,,WP_271190254.1,UPI0022F2EE77,A0A9W6KVP5,UniRef100_A0A9W6KVP5,UniRef50_I0L7L7;UniRef50_A0A243S155,UniRef90_A0A9W6KVP5,https://doi.org/10.1021/acscatal.5c03460,400
436,ESM101,1,342,Micromonospora sp. RL09-050-HVF-A,Actinomycetota,PET,,MBW4703769.1,,,,,,,,,https://doi.org/10.1021/acscatal.5c03460,420
437,ESM121,1,343,Micromonospora sp. D93,Actinomycetota,PET,,,,,WP_247684544.1,,,,,,https://doi.org/10.1021/acscatal.5c03460,337
438,ESM128,1,344,Verrucosispora sp. WMMA2121,Actinomycetota,PET,,,,,WP_269740835.1,,,,,,https://doi.org/10.1021/acscatal.5c03460,256
439,ESM130,1,345,Micromonospora sp. MH99,Actinomycetota,PET,,MCF0091346.1,,,,,,,,,https://doi.org/10.1021/acscatal.5c03460,416
440,ESM136,1,346,Actinoplanes ianthinogenes,Actinomycetota,PET,,GGR16917.1,,,,,,,,,https://doi.org/10.1021/acscatal.5c03460,397
441,ESM139,1,347,Amycolatopsis sp. CA-128772,Actinomycetota,PET,,,,,WP_199199185.1,,,,,,https://doi.org/10.1021/acscatal.5c03460,313
442,ESM140,1,348,Amycolatopsis sp. WQ 127309,Actinomycetota,PET,,,,,WP_247056560.1,,,,,,https://doi.org/10.1021/acscatal.5c03460,260
443,ESM144,1,349,Catellatospora bangladeshensis,Actinomycetota,PET,,GIF82272;GIF82272.1,,,WP_239125827.1,UPI001A3D5444,A0A8J3NIL5,UniRef100_A0A8J3NIL5,UniRef50_A0A365HAJ8;UniRef50_A0A1N6SMU6,UniRef90_A0A8J3NIL5,https://doi.org/10.1021/acscatal.5c03460,251
444,ESM156,1,350,Paractinoplanes tereljensis,Actinomycetota,PET,,GIF24764;GIF24764.1,,,WP_203812622.1,UPI0019413648,A0A919NVN0,UniRef100_A0A919NVN0,UniRef50_A0A543NNU7,UniRef90_A0A919NVN0,https://doi.org/10.1021/acscatal.5c03460,262
445,ESM157,1,351,Micromonospora acroterricola,Actinomycetota,PET,,PWR09075.1;PWR09075,,,,UPI000D6E648C,A0A317D8W8,UniRef100_A0A317D8W8,UniRef50_A0A317D8W8;UniRef50_A0ABQ5R2R9,UniRef90_A0A317D8W8,https://doi.org/10.1021/acscatal.5c03460,275
446,ESM159,1,352,Rhizocola hellebori,Actinomycetota,PET,,GIH02301;GIH02301.1,,,WP_203906211.1,UPI0019442356,A0A8J3Q2S4,UniRef100_A0A8J3Q2S4,UniRef50_A0A7W7MJQ0;UniRef50_A0ABT4UC71,UniRef90_A0A8J3Q2S4,https://doi.org/10.1021/acscatal.5c03460,257
447,ESM160,1,353,Asanoa hainanensis,Actinomycetota,PET,,SNT65473,,,WP_144022925.1,UPI000B759976,A0A239PER3,UniRef100_A0A239PER3,UniRef50_A0A7W7MJQ0;UniRef50_A0ABT4UC71,UniRef90_A0A239PER3,https://doi.org/10.1021/acscatal.5c03460,256
448,ESM167,1,354,Amycolatopsis tolypomycina,Actinomycetota,PET,,SED45657;SED45657.1,,,WP_091317053.1,UPI0008970853,A0A1H5ATK4,UniRef100_A0A1H5ATK4,UniRef50_P0DX29;UniRef50_Q6A0I4,UniRef90_P0DX29,https://doi.org/10.1021/acscatal.5c03460,260
449,ESM169,1,188,Rhizobacter sp.,Pseudomonadota,PET,,MBT9528079.1,,,,,,,,,https://doi.org/10.1021/acscatal.5c03460,266
450,ESM173,1,355,Micromonospora sp. CP22,Actinomycetota,PET,,MTK05241.1,,,,,,,,,https://doi.org/10.1021/acscatal.5c03460,414
451,ESM177,1,356,Catellatospora methionotrophica,Actinomycetota,PET,,GIG17112;GIG17112.1,,,WP_239086781.1,UPI001A5846BE,A0A8J3LA20,UniRef100_A0A8J3LA20,UniRef50_A0A365HAJ8;UniRef50_A0A1N6SMU6,UniRef90_A0A8J3LA20,https://doi.org/10.1021/acscatal.5c03460,251
452,ESM186,1,357,Halopseudomonas yangmingensis,Pseudomonadota,PET,,SFM35944,,,WP_093473685.1,UPI0008EBBE9F,A0A1I4Q7B4,UniRef100_A0A1I4Q7B4,UniRef50_A0A2K9LJV9,UniRef90_A0A1I4Q7B4,https://doi.org/10.1021/acscatal.5c03460,277
453,TEP010,1,358,Verrucosispora sioxanthis,Actinomycetota,PET,,,,,,,,,,,https://doi.org/10.1021/acscatal.5c03460,409
454,TEP014,1,23,Thermobifida cellulosilytica,Actinomycetota,PET,,,MGYP001477358452,,,,,,,,https://doi.org/10.1021/acscatal.5c03460,261
455,TEP024,1,359,Streptomyces sp. A012304,Actinomycetota,PET,,,,,WP_264933993.1,,,,,,https://doi.org/10.1021/acscatal.5c03460,402
456,TEP037,1,15,,Actinomycetota,PET,,,MGYP000321434903,,,,,,,,https://doi.org/10.1021/acscatal.5c03460,259
457,TEP041,1,360,Crossiella sp. SN42,Actinomycetota,PET,,,,,WP_256510026.1,,,,,,https://doi.org/10.1021/acscatal.5c03460,266
458,TEP054,1,228,Dactylosporangium aurantiacum,Actinomycetota,PET,,,,,WP_260709492.1,,,,,,https://doi.org/10.1021/acscatal.5c03460,421
459,TEP061,1,361,Microbispora rosea subsp. aerata,Actinomycetota,PET,,GGO06455.1,,,,,,,,,https://doi.org/10.1021/acscatal.5c03460,256
460,TEP067,1,362,Actinomadura sp. K4S16,Actinomycetota,PET,,,,,WP_149259982.1,,,,,,https://doi.org/10.1021/acscatal.5c03460,279
461,TEP083,1,363,Micromonosporaceae bacterium,Actinomycetota,PET,,MBN1171866.1,,,,,,,,,https://doi.org/10.1021/acscatal.5c03460,291
462,TEP091,1,364,Cellulomonas iranensis,Actinomycetota,PET,,MBO9569276.1,,,,,,,,,https://doi.org/10.1021/acscatal.5c03460,255
463,TEP092,1,365,Plantactinospora endophytica,Actinomycetota,PET,,GIG90696.1;GIG90696,,,,UPI0019423CCD,A0ABQ4E7M7,UniRef100_A0ABQ4E7M7,UniRef50_I0L7L7;UniRef50_A0A243S155,UniRef90_A0ABQ4E7M7,https://doi.org/10.1021/acscatal.5c03460,414
464,TEP097,1,366,Streptomyces swartbergensis,Actinomycetota,PET,,OUD04649.1;OUD04649,,,WP_086599340.1,UPI000A3A2FF1,A0A243SAH7,UniRef100_A0A243SAH7,UniRef50_A0A243S155,UniRef90_A0A243SAH7,https://doi.org/10.1021/acscatal.5c03460,402
465,TEP101,1,187,Actinomadura atramentaria,Actinomycetota,PET,,,,,WP_019633337.1,,,,,,https://doi.org/10.1021/acscatal.5c03460,272
466,TEP102,1,367,Streptomyces sp. V2,Actinomycetota,PET,,,,,WP_109361459.1,,,,,,https://doi.org/10.1021/acscatal.5c03460,402
467,TEP103,1,368,Kutzneria sp. CA-103260,Actinomycetota,PET,,,,,WP_211769896.1,,,,,,https://doi.org/10.1021/acscatal.5c03460,248
468,TEP105,1,369,Saccharopolyspora hirsuta,Actinomycetota,PET,,KAA5827152,,,WP_150070118.1,UPI001232CC47,A0A5M7BCA1,UniRef100_A0A5M7BCA1,UniRef50_A0A543NNU7,UniRef90_A0A5M7BCA1,https://doi.org/10.1021/acscatal.5c03460,261
469,TEP109,1,186,Kibdelosporangium banguiense,Actinomycetota,PET,,MBP2328848.1;MBP2328848,,,WP_307855560.1,UPI0027DDB14B,A0ABS4TWQ7,UniRef100_A0ABS4TWQ7,UniRef50_A0A7W7MJQ0;UniRef50_A0ABT4UC71,UniRef90_A0ABS4TWQ7,https://doi.org/10.1021/acscatal.5c03460,261
470,TEP111,1,237,Micromonospora carbonacea,Actinomycetota,PET,,,,,WP_260422593.1,,,,,,https://doi.org/10.1021/acscatal.5c03460,411
471,TEP114,1,338,Actinoallomurus spadix,Actinomycetota,PET,,,,,,,,,,,https://doi.org/10.1021/acscatal.5c03460,377
472,TEP163,1,370,Streptomyces sp. TRM70350,Actinomycetota,PET,,,,,WP_218517662.1,,,,,,https://doi.org/10.1021/acscatal.5c03460,392
473,TEP164,1,360,Crossiella sp. SN42,Actinomycetota,PET,,,,,WP_256510519.1,,,,,,https://doi.org/10.1021/acscatal.5c03460,403
474,TEP165,1,371,Micromonospora sp. HM5-17,Actinomycetota,PET,,,,,WP_233604767.1,,,,,,https://doi.org/10.1021/acscatal.5c03460,391
475,TEP168,1,372,Micromonospora lutea,Actinomycetota,PET,,,,,WP_239095870.1,,,,,,https://doi.org/10.1021/acscatal.5c03460,414
476,TEP178,1,373,Hamadaea flava,Actinomycetota,PET,,MFC4135022,,,WP_253762837.1,UPI0020A3EA58,A0ABV8LVF2,UniRef100_A0ABV8LVF2,UniRef50_A0A1H5UML9,UniRef90_A0ABV8LVF2,https://doi.org/10.1021/acscatal.5c03460,257
477,TEP181,1,346,Actinoplanes ianthinogenes,Actinomycetota,PET,,,,,,,,,,,https://doi.org/10.1021/acscatal.5c03460,412
478,TEP189,1,308,Acidimicrobiales bacterium,Actinomycetota,PET,,GIU85371.1,,,,,,,,,https://doi.org/10.1021/acscatal.5c03460,242
479,TEP194,1,374,Sphaerisporangium fuscum,Actinomycetota,PET,,,,,WP_250563816.1,,,,,,https://doi.org/10.1021/acscatal.5c03460,261
480,KaPETase,1,202,Kibdelosporangium aridum,Actinomycetota,PET,,SMD25264,,,WP_143447025.1,UPI0009D8AA50,A0A1W2FU08,UniRef100_A0A1W2FU08,UniRef50_A0A543NNU7;UniRef50_Q9L2J6,UniRef90_A0A428Z0U1;UniRef90_A0A1W2FU08,https://doi.org/10.1016/j.jclepro.2025.145624,286
481,Sis,1,,,,PET,,XDS72785.1,,,,,,,,,https://doi.org/10.3390/ijms25158120,282
483,DIEGO,1,377,uncultured bacterium,,PET,,YCL34723,,,,,,,,,10.1016/j.eti.2025.104587,293
484,TA21,1,378,Thermoleophilum album,Actinomycetota,PET|PLA,,WDT94064,,,,,,,,,10.1111/febs.70478,352
485,TA26,1,378,Thermoleophilum album,Actinomycetota,PET,,WDT94443,,,,,,,,,10.1111/febs.70478,321
486,TA29,1,378,Thermoleophilum album,Actinomycetota,PET|PLA,,WDT94189,,,,,,,,,10.1111/febs.70478,296
489,GuaPA,1,380,uncultured Candidatus Bathyarchaeia archaeon,Candidatus Bathyarchaeota,PET,,,,,,,,,,,10.1093/ismejo/wraf068,299
494,E4,1,381,Altericroceibacterium indicum,Pseudomonadota,PET,,,,6IQ9;7C2A;7C82,,UPI000F735175,A0A4P1LYH5,UniRef100_A0A4P1LYH5,UniRef50_A0A0G9MX80,UniRef90_A0A4P1LYH5,10.3390/biology15070540,191
495,PET93,1,382,Maribacter dokdonensis,Bacteroidota,PET,,WKW63607,,,,,,,,,10.1128/aem.01698-25,434
496,PET94,1,383,Arenibacter palladensis,Bacteroidota,PET,,WKW63608,,,,,,,,,10.1128/aem.01698-25,408
